State,Year,Total Population,White (pop),Black (pop),Indigenous (pop),Asian (pop),Pacfic Islander (pop),Mixed Race (pop),Hispanic (pop),White (%),Black (%),Indigenous (%),Asian (%),Pacfic Islander (%),Mixed Race (%),Hispanic (%)
Alaska,2009,683142,467650,25161,91939,31878,4269,50632,39661,68.5,3.6999999999999997,13.5,4.7,0.6,7.3999999999999995,5.800000000000001
Alabama,2009,4633360,3256941,1209938,22969,46655,2025,56490,130220,70.3,26.1,0.5,1.0,0.0,1.2,2.8000000000000003
Arkansas,2009,2838143,2228798,439355,19233,31120,2505,49997,153630,78.5,15.5,0.7000000000000001,1.0999999999999999,0.1,1.7999999999999998,5.4
Arizona,2009,6324865,4906936,227282,284265,153301,11045,164255,1881878,77.60000000000001,3.5999999999999996,4.5,2.4,0.2,2.6,29.799999999999997
California,2009,36308527,22258042,2249404,283031,4473292,132535,1272989,13102161,61.3,6.2,0.8,12.3,0.4,3.5000000000000004,36.1
Colorado,2009,4843211,4055379,186598,46018,125336,5030,142611,955664,83.7,3.9,1.0,2.6,0.1,2.9000000000000004,19.7
Connecticut,2009,3494487,2792362,330186,8169,117515,1292,69630,406476,79.9,9.4,0.2,3.4000000000000004,0.0,2.0,11.600000000000001
District of Columbia,2009,588433,210983,324631,1573,17439,426,9446,49813,35.9,55.2,0.3,3.0,0.1,1.6,8.5
Delaware,2009,863832,626289,176743,2588,25084,134,14894,57807,72.5,20.5,0.3,2.9000000000000004,0.0,1.7000000000000002,6.7
Florida,2009,18222420,13958847,2799699,54985,417740,9959,331066,3746278,76.6,15.4,0.3,2.3,0.1,1.7999999999999998,20.599999999999998
Georgia,2009,9497667,5899345,2818524,23947,268831,4988,132569,735125,62.1,29.7,0.3,2.8000000000000003,0.1,1.4000000000000001,7.7
Hawaii,2009,1280241,344681,30995,3781,493178,112940,278005,110653,26.900000000000002,2.4,0.3,38.5,8.799999999999999,21.7,8.6
Iowa,2009,2978880,2759828,72103,9404,47092,832,43466,122103,92.60000000000001,2.4,0.3,1.6,0.0,1.5,4.1000000000000005
Idaho,2009,1492573,1374465,9030,18352,16739,1827,36454,149979,92.10000000000001,0.6,1.2,1.0999999999999999,0.1,2.4,10.0
Illinois,2009,12785043,9190854,1875767,23208,538728,3459,208058,1872619,71.89999999999999,14.7,0.2,4.2,0.0,1.6,14.6
Indiana,2009,6342469,5436153,548998,14492,85470,1463,111612,321320,85.7,8.7,0.2,1.3,0.0,1.7999999999999998,5.1
Kansas,2009,2777835,2382407,157121,22722,60235,1614,72533,244614,85.8,5.7,0.8,2.1999999999999997,0.1,2.6,8.799999999999999
Kentucky,2009,4252000,3783499,318974,8193,42896,2839,58212,101044,89.0,7.5,0.2,1.0,0.1,1.4000000000000001,2.4
Louisiana,2009,4411546,2821956,1405639,24909,63304,1031,52208,146073,64.0,31.900000000000002,0.6,1.4000000000000001,0.0,1.2,3.3000000000000003
Massachusetts,2009,6511176,5390474,399224,12811,312147,2346,123134,543149,82.8,6.1,0.2,4.8,0.0,1.9,8.3
Maryland,2009,5637418,3433516,1625880,15394,277732,3010,114120,371306,60.9,28.799999999999997,0.3,4.9,0.1,2.0,6.6000000000000005
Maine,2009,1316380,1254176,15458,6636,12384,287,22897,16644,95.3,1.2,0.5,0.8999999999999999,0.0,1.7000000000000002,1.3
Michigan,2009,10039208,7999359,1405515,52270,235442,2930,188168,406161,79.7,14.000000000000002,0.5,2.3,0.0,1.9,4.0
Minnesota,2009,5188581,4551190,224453,54446,186491,2297,93182,208919,87.7,4.3,1.0,3.5999999999999996,0.0,1.7999999999999998,4.0
Missouri,2009,5904382,4955606,658633,23624,85215,4505,115851,184831,83.89999999999999,11.200000000000001,0.4,1.4000000000000001,0.1,2.0,3.1
Mississippi,2009,2922240,1752786,1081589,12829,24655,816,27624,61456,60.0,37.0,0.4,0.8,0.0,0.8999999999999999,2.1
Montana,2009,956257,856153,5283,59001,6333,825,22047,26853,89.5,0.6,6.2,0.7000000000000001,0.1,2.3,2.8000000000000003
North Carolina,2009,9045705,6375420,1909832,101986,173320,4716,151705,633220,70.5,21.099999999999998,1.0999999999999999,1.9,0.1,1.7000000000000002,7.000000000000001
North Dakota,2009,639725,580184,6029,34192,5312,383,9553,12571,90.7,0.8999999999999999,5.3,0.8,0.1,1.5,2.0
Nebraska,2009,1772124,1571458,72806,14966,28375,1931,33179,137322,88.7,4.1000000000000005,0.8,1.6,0.1,1.9,7.7
New Hampshire,2009,1315419,1246855,14227,3210,24981,291,16074,33778,94.8,1.0999999999999999,0.2,1.9,0.0,1.2,2.6
New Jersey,2009,8650548,6073393,1175670,19312,642436,2713,152668,1375788,70.19999999999999,13.600000000000001,0.2,7.3999999999999995,0.0,1.7999999999999998,15.9
New Mexico,2009,1964860,1381186,43332,183098,26774,971,63085,879480,70.3,2.1999999999999997,9.3,1.4000000000000001,0.0,3.2,44.800000000000004
Nevada,2009,2545763,1909349,190093,30501,157280,12409,83678,641593,75.0,7.5,1.2,6.2,0.5,3.3000000000000003,25.2
New York,2009,19423896,13031404,3024739,64950,1319787,5378,358501,3172353,67.10000000000001,15.6,0.3,6.800000000000001,0.0,1.7999999999999998,16.3
Ohio,2009,11511858,9669759,1349893,21960,173463,2870,193106,301340,84.0,11.700000000000001,0.2,1.5,0.0,1.7000000000000002,2.6
Oklahoma,2009,3610073,2720673,264756,239130,57788,3565,228236,272460,75.4,7.3,6.6000000000000005,1.6,0.1,6.3,7.5
Oregon,2009,3727407,3214583,64995,59700,129932,9685,123818,393466,86.2,1.7000000000000002,1.6,3.5000000000000004,0.3,3.3000000000000003,10.6
Pennsylvania,2009,12516596,10482799,1300350,16740,296150,3026,168386,584932,83.8,10.4,0.1,2.4,0.0,1.3,4.7
Puerto Rico,2009,3940109,2964136,285752,8056,12085,178,254204,3889245,75.2,7.3,0.2,0.3,0.0,6.5,98.7
Rhode Island,2009,1057381,875224,57658,4520,29067,257,21168,120586,82.8,5.5,0.4,2.7,0.0,2.0,11.4
South Carolina,2009,4416867,2977453,1245855,13825,53258,2130,58451,178650,67.4,28.199999999999996,0.3,1.2,0.0,1.3,4.0
South Dakota,2009,796513,693239,7547,66667,6931,204,14951,20070,87.0,0.8999999999999999,8.4,0.8999999999999999,0.0,1.9,2.5
Tennessee,2009,6158953,4875744,1016050,15614,82317,3116,86209,228443,79.2,16.5,0.3,1.3,0.1,1.4000000000000001,3.6999999999999997
Texas,2009,23819042,17111322,2738904,121241,810844,19237,458091,8555099,71.8,11.5,0.5,3.4000000000000004,0.1,1.9,35.9
Utah,2009,2651816,2376805,27229,32008,52964,20531,52481,306531,89.60000000000001,1.0,1.2,2.0,0.8,2.0,11.600000000000001
Virginia,2009,7721730,5458832,1510139,22932,371788,5804,159701,514959,70.7,19.6,0.3,4.8,0.1,2.1,6.7
Vermont,2009,620414,595731,4820,1713,6757,82,9260,8434,96.0,0.8,0.3,1.0999999999999999,0.0,1.5,1.4000000000000001
Washington,2009,6465755,5201398,220417,91437,424531,28884,244250,623825,80.4,3.4000000000000004,1.4000000000000001,6.6000000000000005,0.4,3.8,9.6
Wisconsin,2009,5599420,4911907,332660,48025,115480,1339,81598,276244,87.7,5.8999999999999995,0.8999999999999999,2.1,0.0,1.5,4.9
West Virginia,2009,1811403,1707128,59677,3008,11459,660,25359,19574,94.19999999999999,3.3000000000000003,0.2,0.6,0.0,1.4000000000000001,1.0999999999999999
Wyoming,2009,523949,479259,4818,11770,3830,180,13022,39783,91.5,0.8999999999999999,2.1999999999999997,0.7000000000000001,0.0,2.5,7.6
Alabama,2010,4712651,3293917,1232325,25814,51219,1769,61370,162371,69.89999999999999,26.1,0.5,1.0999999999999999,0.0,1.3,3.4000000000000004
Alaska,2010,691189,464150,22655,98120,36021,6317,54093,38393,67.2,3.3000000000000003,14.2,5.2,0.8999999999999999,7.8,5.6000000000000005
Arizona,2010,6246816,4883606,240655,278336,166663,12038,166541,1814674,78.2,3.9,4.5,2.7,0.2,2.7,28.999999999999996
Arkansas,2010,2872684,2253875,445197,19192,33327,4133,51578,168427,78.5,15.5,0.7000000000000001,1.2,0.1,1.7999999999999998,5.8999999999999995
California,2010,36637290,22392713,2246311,283628,4747252,140429,1378348,13456157,61.1,6.1,0.8,13.0,0.4,3.8,36.7
Colorado,2010,4887061,4082565,190598,47022,133134,5757,150461,983326,83.5,3.9,1.0,2.7,0.1,3.1,20.1
Connecticut,2010,3545837,2795926,342764,7959,129904,1332,78792,447111,78.9,9.700000000000001,0.2,3.6999999999999997,0.0,2.1999999999999997,12.6
Delaware,2010,881278,626426,185253,3076,27914,457,18237,66915,71.1,21.0,0.3,3.2,0.1,2.1,7.6
District of Columbia,2010,584400,222375,309048,1625,20323,362,10646,51301,38.1,52.900000000000006,0.3,3.5000000000000004,0.1,1.7999999999999998,8.799999999999999
Florida,2010,18511620,14115228,2900412,54570,444584,10797,361900,3995324,76.3,15.7,0.3,2.4,0.1,2.0,21.6
Georgia,2010,9468815,5788255,2873069,23234,296986,4850,143911,784712,61.1,30.3,0.2,3.1,0.1,1.5,8.3
Hawaii,2010,1333591,333842,21170,3506,525848,127661,305600,115433,25.0,1.6,0.3,39.4,9.6,22.900000000000002,8.7
Idaho,2010,1526797,1407354,8674,18951,17939,2284,37370,161337,92.2,0.6,1.2,1.2,0.1,2.4,10.6
Illinois,2010,12745359,9136680,1860305,24729,571537,3290,221214,1939928,71.7,14.6,0.2,4.5,0.0,1.7000000000000002,15.2
Indiana,2010,6417398,5461258,572352,14487,96189,1510,122645,361472,85.1,8.9,0.2,1.5,0.0,1.9,5.6000000000000005
Iowa,2010,3016267,2773410,82682,9825,50363,961,50491,136932,91.9,2.7,0.3,1.7000000000000002,0.0,1.7000000000000002,4.5
Kansas,2010,2809329,2391786,161768,24422,66119,1625,82469,276108,85.1,5.800000000000001,0.8999999999999999,2.4,0.1,2.9000000000000004,9.8
Kentucky,2010,4285828,3792514,330764,8794,45604,2674,65300,117348,88.5,7.7,0.2,1.0999999999999999,0.1,1.5,2.7
Louisiana,2010,4429940,2819074,1405685,27352,67210,1416,58860,172754,63.6,31.7,0.6,1.5,0.0,1.3,3.9
Maine,2010,1327665,1268805,13903,7002,13432,438,19953,17043,95.6,1.0,0.5,1.0,0.0,1.5,1.3
Maryland,2010,5696423,3396216,1665235,16213,304574,2977,132256,429946,59.599999999999994,29.2,0.3,5.3,0.1,2.3,7.5
Massachusetts,2010,6477096,5289078,422303,12584,335906,2281,144079,584975,81.69999999999999,6.5,0.2,5.2,0.0,2.1999999999999997,9.0
Michigan,2010,9952687,7895340,1401616,54502,242886,2722,210788,423412,79.3,14.099999999999998,0.5,2.4,0.0,2.1,4.3
Minnesota,2010,5241914,4539826,257165,55370,204202,2135,107609,233716,86.6,4.9,1.0999999999999999,3.9,0.0,2.1,4.5
Mississippi,2010,2941991,1761910,1088270,13610,24691,636,29446,69834,59.9,37.0,0.5,0.8,0.0,1.0,2.4
Missouri,2010,5922314,4938222,679062,22829,92147,5201,123752,198670,83.39999999999999,11.5,0.4,1.6,0.1,2.1,3.4000000000000004
Montana,2010,973739,874571,4325,60135,6091,609,21958,27260,89.8,0.4,6.2,0.6,0.1,2.3,2.8000000000000003
Nebraska,2010,1799125,1587857,77986,15651,29624,1209,37772,151971,88.3,4.3,0.8999999999999999,1.6,0.1,2.1,8.4
Nevada,2010,2633331,1938033,207567,28403,183979,15526,92441,673897,73.6,7.9,1.0999999999999999,7.000000000000001,0.6,3.5000000000000004,25.6
New Hampshire,2010,1313939,1241539,14186,2835,27754,287,17341,35338,94.5,1.0999999999999999,0.2,2.1,0.0,1.3,2.7
New Jersey,2010,8721577,6074010,1176241,19683,697788,2303,174609,1468176,69.6,13.5,0.2,8.0,0.0,2.0,16.8
New Mexico,2010,2013122,1433955,39935,188217,27463,1088,61309,913902,71.2,2.0,9.3,1.4000000000000001,0.1,3.0,45.4
New York,2010,19229752,12764402,2990591,66876,1392380,5334,402373,3288880,66.4,15.6,0.3,7.199999999999999,0.0,2.1,17.1
North Carolina,2010,9271178,6453727,1980942,106026,194993,5170,174077,723408,69.6,21.4,1.0999999999999999,2.1,0.1,1.9,7.8
North Dakota,2010,659858,597392,7034,34798,6132,439,10351,12878,90.5,1.0999999999999999,5.3,0.8999999999999999,0.1,1.6,2.0
Ohio,2010,11512431,9598726,1391240,22785,186464,2162,212840,333019,83.39999999999999,12.1,0.2,1.6,0.0,1.7999999999999998,2.9000000000000004
Oklahoma,2010,3675339,2720135,267179,259809,61581,3967,263896,302167,74.0,7.3,7.1,1.7000000000000002,0.1,7.199999999999999,8.200000000000001
Oregon,2010,3761925,3220250,66427,60612,135518,12100,131193,420195,85.6,1.7999999999999998,1.6,3.5999999999999996,0.3,3.5000000000000004,11.200000000000001
Pennsylvania,2010,12612705,10460096,1347052,18205,332435,3012,196836,656508,82.89999999999999,10.7,0.1,2.6,0.0,1.6,5.2
Rhode Island,2010,1056389,866678,62082,4521,30991,357,23479,124432,82.0,5.8999999999999995,0.4,2.9000000000000004,0.0,2.1999999999999997,11.799999999999999
South Carolina,2010,4511428,3034000,1269484,14095,54288,2053,66819,208754,67.30000000000001,28.1,0.3,1.2,0.0,1.5,4.6
South Dakota,2010,799462,692330,8874,68215,7126,241,15551,20444,86.6,1.0999999999999999,8.5,0.8999999999999999,0.0,1.9,2.6
Tennessee,2010,6234968,4910745,1037376,15237,87257,2987,95310,261448,78.8,16.6,0.2,1.4000000000000001,0.0,1.5,4.2
Texas,2010,24311891,17503446,2864666,119680,904831,19005,488717,8917477,72.0,11.799999999999999,0.5,3.6999999999999997,0.1,2.0,36.7
Utah,2010,2657236,2375876,27030,30831,53046,23944,55584,326806,89.4,1.0,1.2,2.0,0.8999999999999999,2.1,12.3
Vermont,2010,624258,596947,5494,1832,7396,87,10139,9154,95.6,0.8999999999999999,0.3,1.2,0.0,1.6,1.5
Virginia,2010,7841754,5479975,1532150,24941,416549,5711,180736,574966,69.89999999999999,19.5,0.3,5.3,0.1,2.3,7.3
Washington,2010,6561297,5199167,229885,95212,457771,35706,272139,691548,79.2,3.5000000000000004,1.5,7.000000000000001,0.5,4.1000000000000005,10.5
West Virginia,2010,1840802,1734615,58968,3139,11482,529,27932,20955,94.19999999999999,3.2,0.2,0.6,0.0,1.5,1.0999999999999999
Wisconsin,2010,5637947,4914551,348662,49189,122442,1553,94070,310549,87.2,6.2,0.8999999999999999,2.1999999999999997,0.0,1.7000000000000002,5.5
Wyoming,2010,545579,498326,4135,12786,4138,242,14200,45782,91.3,0.8,2.3,0.8,0.0,2.6,8.4
Puerto Rico,2010,3762322,2761508,274843,7415,12414,101,310046,3716870,73.4,7.3,0.2,0.3,0.0,8.200000000000001,98.8
Alabama,2011,4747424,3307557,1244112,26399,52668,1256,65673,173990,69.69999999999999,26.200000000000003,0.6,1.0999999999999999,0.0,1.4000000000000001,3.6999999999999997
Alaska,2011,700703,472504,23426,97628,35912,6848,55404,39212,67.4,3.3000000000000003,13.900000000000002,5.1,1.0,7.9,5.6000000000000005
Arizona,2011,6337373,4987541,252127,280986,172290,11933,172310,1864375,78.7,4.0,4.3999999999999995,2.7,0.2,2.7,29.4
Arkansas,2011,2895928,2271277,449283,17239,34815,5031,54283,177869,78.4,15.5,0.6,1.2,0.2,1.9,6.1
California,2011,36969200,22860341,2252129,287712,4825271,141382,1459887,13752743,61.8,6.1,0.8,13.100000000000001,0.4,3.9,37.2
Colorado,2011,4966061,4167044,195640,48201,134228,5798,159786,1011545,83.89999999999999,3.9,1.0,2.7,0.1,3.2,20.4
Connecticut,2011,3558172,2796198,347941,8104,134108,1327,82104,463407,78.60000000000001,9.8,0.2,3.8,0.0,2.3,13.0
Delaware,2011,890856,630804,188519,3109,28726,442,19435,70196,70.8,21.2,0.3,3.2,0.0,2.1999999999999997,7.9
District of Columbia,2011,593955,231122,308516,1779,20773,311,11359,53372,38.9,51.9,0.3,3.5000000000000004,0.1,1.9,9.0
Florida,2011,18688787,14270053,2946899,58192,455403,11005,382884,4122759,76.4,15.8,0.3,2.4,0.1,2.0,22.1
Georgia,2011,9600612,5849795,2922448,23979,308677,4653,160652,824037,60.9,30.4,0.2,3.2,0.0,1.7000000000000002,8.6
Hawaii,2011,1346554,335908,21628,3198,524274,129157,316096,119059,24.9,1.6,0.2,38.9,9.6,23.5,8.799999999999999
Idaho,2011,1549987,1431372,8823,19584,18714,2425,37948,168949,92.30000000000001,0.6,1.3,1.2,0.2,2.4,10.9
Illinois,2011,12790182,9214977,1859608,25216,583302,3185,234125,1987211,72.0,14.499999999999998,0.2,4.6,0.0,1.7999999999999998,15.5
Indiana,2011,6454254,5482893,576304,14772,99194,1233,131771,377169,85.0,8.9,0.2,1.5,0.0,2.0,5.800000000000001
Iowa,2011,3032266,2782349,85714,9958,52881,1112,52876,144158,91.8,2.8000000000000003,0.3,1.7000000000000002,0.0,1.7000000000000002,4.8
Kansas,2011,2830985,2412703,163063,23860,67532,1734,85765,287599,85.2,5.800000000000001,0.8,2.4,0.1,3.0,10.2
Kentucky,2011,4316040,3808381,336628,8913,47754,2403,69194,124593,88.2,7.8,0.2,1.0999999999999999,0.1,1.6,2.9000000000000004
Louisiana,2011,4484596,2838981,1429820,28154,69355,1719,65516,183706,63.3,31.900000000000002,0.6,1.5,0.0,1.5,4.1000000000000005
Maine,2011,1328543,1268113,13979,7124,13745,310,21651,17307,95.5,1.0999999999999999,0.5,1.0,0.0,1.6,1.3
Maryland,2011,5736545,3397326,1683842,16603,312883,2708,139300,451861,59.199999999999996,29.4,0.3,5.5,0.0,2.4,7.9
Massachusetts,2011,6512227,5294754,431907,12238,345422,1711,155263,606922,81.3,6.6000000000000005,0.2,5.3,0.0,2.4,9.3
Michigan,2011,9920621,7869573,1395245,54638,244623,2690,223540,432043,79.3,14.099999999999998,0.6,2.5,0.0,2.3,4.3999999999999995
Minnesota,2011,5278190,4556910,264751,57271,208315,2129,116735,242956,86.3,5.0,1.0999999999999999,3.9,0.0,2.1999999999999997,4.6
Mississippi,2011,2956700,1767875,1094596,13775,25807,579,31426,75626,59.8,37.0,0.5,0.8999999999999999,0.0,1.0999999999999999,2.6
Missouri,2011,5955802,4957147,686044,22509,93632,5725,130116,206777,83.2,11.5,0.4,1.6,0.1,2.1999999999999997,3.5000000000000004
Montana,2011,982854,881905,4403,61399,5999,664,22936,28368,89.7,0.4,6.2,0.6,0.1,2.3,2.9000000000000004
Nebraska,2011,1813061,1600661,79828,15858,30637,1263,39937,159550,88.3,4.3999999999999995,0.8999999999999999,1.7000000000000002,0.1,2.1999999999999997,8.799999999999999
Nevada,2011,2673396,1960913,214360,29344,190079,16391,96094,698713,73.3,8.0,1.0999999999999999,7.1,0.6,3.5999999999999996,26.1
New Hampshire,2011,1315911,1241530,14520,2688,27702,296,19392,36452,94.3,1.0999999999999999,0.2,2.1,0.0,1.5,2.8000000000000003
New Jersey,2011,8753064,6095247,1180649,20490,714890,2112,192130,1512251,69.6,13.5,0.2,8.200000000000001,0.0,2.1999999999999997,17.299999999999997
New Mexico,2011,2037136,1467191,41082,188613,27214,1157,61687,934301,72.0,2.0,9.3,1.3,0.1,3.0,45.9
New York,2011,19302448,12768805,3013740,67766,1415147,6706,441667,3356747,66.2,15.6,0.4,7.3,0.0,2.3,17.4
North Carolina,2011,9418736,6560948,2016228,108960,202815,4725,188390,764707,69.69999999999999,21.4,1.2,2.1999999999999997,0.1,2.0,8.1
North Dakota,2011,666783,602373,7231,35544,6693,348,10965,13210,90.3,1.0999999999999999,5.3,1.0,0.1,1.6,2.0
Ohio,2011,11525536,9592249,1395378,21194,190485,2162,229242,345370,83.2,12.1,0.2,1.7000000000000002,0.0,2.0,3.0
Oklahoma,2011,3714520,2743563,270192,258295,63471,4257,277969,318007,73.9,7.3,7.000000000000001,1.7000000000000002,0.1,7.5,8.6
Oregon,2011,3801991,3245856,68155,57114,139258,13447,135010,436806,85.39999999999999,1.7999999999999998,1.5,3.6999999999999997,0.4,3.5999999999999996,11.5
Pennsylvania,2011,12660739,10473096,1358759,18065,341880,2785,215515,690128,82.69999999999999,10.7,0.1,2.7,0.0,1.7000000000000002,5.5
Rhode Island,2011,1053959,863294,62682,4606,31476,459,25028,127816,81.89999999999999,5.8999999999999995,0.4,3.0,0.0,2.4,12.1
South Carolina,2011,4575864,3075318,1281627,14939,56575,1920,72080,222550,67.2,28.000000000000004,0.3,1.2,0.0,1.6,4.9
South Dakota,2011,807697,697042,9347,69154,7672,197,17451,21539,86.3,1.2,8.6,0.8999999999999999,0.0,2.1999999999999997,2.7
Tennessee,2011,6297991,4949985,1048714,15285,90471,3097,101088,277011,78.60000000000001,16.7,0.2,1.4000000000000001,0.0,1.6,4.3999999999999995
Texas,2011,24774187,18093212,2917108,125101,939558,19966,524082,9216240,73.0,11.799999999999999,0.5,3.8,0.1,2.1,37.2
Utah,2011,2715379,2426175,29056,30842,54866,25137,60337,344014,89.3,1.0999999999999999,1.0999999999999999,2.0,0.8999999999999999,2.1999999999999997,12.7
Vermont,2011,624958,596736,5464,1802,7544,155,11141,9451,95.5,0.8999999999999999,0.3,1.2,0.0,1.7999999999999998,1.5
Virginia,2011,7926192,5526985,1545568,25665,430227,5295,198171,604882,69.69999999999999,19.5,0.3,5.4,0.1,2.5,7.6
Washington,2011,6652845,5256224,233549,94243,470798,37084,292915,725373,79.0,3.5000000000000004,1.4000000000000001,7.1,0.6,4.3999999999999995,10.9
West Virginia,2011,1846372,1736461,58296,3052,11809,456,32083,22007,94.0,3.2,0.2,0.6,0.0,1.7000000000000002,1.2
Wisconsin,2011,5664893,4941085,352620,48741,125630,1503,101366,324238,87.2,6.2,0.8999999999999999,2.1999999999999997,0.0,1.7999999999999998,5.7
Wyoming,2011,554697,506661,4309,12752,3985,204,14879,46391,91.3,0.8,2.3,0.7000000000000001,0.0,2.7,8.4
Puerto Rico,2011,3742586,2695914,274200,7554,11701,77,376281,3697954,72.0,7.3,0.2,0.3,0.0,10.100000000000001,98.8
Alabama,2012,4777326,3321318,1256097,26166,54923,1298,66839,182268,69.5,26.3,0.5,1.0999999999999999,0.0,1.4000000000000001,3.8
Alaska,2012,711139,477985,24219,98976,37968,7363,56792,40371,67.2,3.4000000000000004,13.900000000000002,5.3,1.0,8.0,5.7
Arizona,2012,6410979,5085954,262284,283805,177598,12506,179981,1902946,79.3,4.1000000000000005,4.3999999999999995,2.8000000000000003,0.2,2.8000000000000003,29.7
Arkansas,2012,2916372,2285577,453062,17390,35744,5516,56104,185239,78.4,15.5,0.6,1.2,0.2,1.9,6.4
California,2012,37325068,23252553,2254160,291505,4921543,144236,1546851,14024109,62.3,6.0,0.8,13.200000000000001,0.4,4.1000000000000005,37.6
Colorado,2012,5042853,4243753,201424,49099,136882,6034,166828,1040478,84.2,4.0,1.0,2.7,0.1,3.3000000000000003,20.599999999999998
Connecticut,2012,3572213,2802217,355660,8531,138355,1472,87718,480185,78.4,10.0,0.2,3.9,0.0,2.5,13.4
Delaware,2012,900131,634259,192629,2877,29177,377,20916,73230,70.5,21.4,0.3,3.2,0.0,2.3,8.1
District of Columbia,2012,605759,239413,309263,2143,21440,312,12536,56259,39.5,51.1,0.4,3.5000000000000004,0.1,2.1,9.3
Florida,2012,18885152,14438364,3005551,58119,464587,11575,409903,4247427,76.5,15.9,0.3,2.5,0.1,2.1999999999999997,22.5
Georgia,2012,9714569,5903173,2970481,24937,318530,4498,178503,853602,60.8,30.599999999999998,0.3,3.3000000000000003,0.0,1.7999999999999998,8.799999999999999
Hawaii,2012,1362730,339079,22399,3079,527745,133873,320311,122882,24.9,1.6,0.2,38.7,9.8,23.5,9.0
Idaho,2012,1567803,1445289,8821,19376,19097,2213,39180,175512,92.2,0.6,1.2,1.2,0.1,2.5,11.200000000000001
Illinois,2012,12823860,9298731,1860471,26669,595110,2907,250627,2027384,72.5,14.499999999999998,0.2,4.6,0.0,2.0,15.8
Indiana,2012,6485530,5500814,582691,15241,102713,1533,136627,389094,84.8,9.0,0.2,1.6,0.0,2.1,6.0
Iowa,2012,3047646,2793432,88664,9708,54262,1308,56045,151027,91.7,2.9000000000000004,0.3,1.7999999999999998,0.0,1.7999999999999998,5.0
Kansas,2012,2851183,2435253,164177,23435,68683,1603,88695,298636,85.39999999999999,5.800000000000001,0.8,2.4,0.1,3.1,10.5
Kentucky,2012,4340167,3823344,339228,8607,49681,2370,74380,131039,88.1,7.8,0.2,1.0999999999999999,0.1,1.7000000000000002,3.0
Louisiana,2012,4529605,2856883,1450992,28702,71460,1826,69984,192582,63.1,32.0,0.6,1.6,0.0,1.5,4.3
Maine,2012,1329084,1266435,14338,7168,13971,288,23528,17241,95.3,1.0999999999999999,0.5,1.0999999999999999,0.0,1.7999999999999998,1.3
Maryland,2012,5785496,3408049,1700174,17323,323363,2419,152556,472285,58.9,29.4,0.3,5.6000000000000005,0.0,2.6,8.200000000000001
Massachusetts,2012,6560595,5310948,446347,12908,357354,1576,167819,630406,81.0,6.800000000000001,0.2,5.4,0.0,2.6,9.6
Michigan,2012,9897264,7852317,1391269,55723,245587,2678,234380,438398,79.3,14.099999999999998,0.6,2.5,0.0,2.4,4.3999999999999995
Minnesota,2012,5313081,4570137,271953,56770,216159,2087,124354,250025,86.0,5.1,1.0999999999999999,4.1000000000000005,0.0,2.3,4.7
Mississippi,2012,2967620,1768530,1101849,13344,26403,345,33496,78634,59.599999999999994,37.1,0.4,0.8999999999999999,0.0,1.0999999999999999,2.6
Missouri,2012,5982413,4972530,689683,22704,96035,5812,134300,212152,83.1,11.5,0.4,1.6,0.1,2.1999999999999997,3.5000000000000004
Montana,2012,990785,887924,4145,62398,6034,674,23879,28984,89.60000000000001,0.4,6.3,0.6,0.1,2.4,2.9000000000000004
Nebraska,2012,1827306,1612538,82341,16461,32302,1075,39295,167155,88.2,4.5,0.8999999999999999,1.7999999999999998,0.1,2.1999999999999997,9.1
Nevada,2012,2704204,1970074,218305,30061,196245,16472,103745,717835,72.89999999999999,8.1,1.0999999999999999,7.3,0.6,3.8,26.5
New Hampshire,2012,1317474,1241440,15339,2470,28684,203,20647,37355,94.19999999999999,1.2,0.2,2.1999999999999997,0.0,1.6,2.8000000000000003
New Jersey,2012,8793888,6121023,1187307,21702,736015,2592,208220,1557680,69.6,13.5,0.2,8.4,0.0,2.4,17.7
New Mexico,2012,2055287,1492641,41634,189785,26855,1344,62839,952569,72.6,2.0,9.2,1.3,0.1,3.1,46.300000000000004
New York,2012,19398125,12808268,3037255,69500,1445539,6477,474066,3425845,66.0,15.7,0.4,7.5,0.0,2.4,17.7
North Carolina,2012,9544249,6659867,2047092,110171,211708,4424,204471,796293,69.8,21.4,1.2,2.1999999999999997,0.0,2.1,8.3
North Dakota,2012,676253,608799,8286,36160,6869,375,11827,14195,90.0,1.2,5.3,1.0,0.1,1.7000000000000002,2.1
Ohio,2012,11533561,9577732,1403238,21447,196395,2164,242289,354910,83.0,12.2,0.2,1.7000000000000002,0.0,2.1,3.1
Oklahoma,2012,3749005,2766297,270993,261060,65643,4271,287641,331057,73.8,7.199999999999999,7.000000000000001,1.7999999999999998,0.1,7.7,8.799999999999999
Oregon,2012,3836628,3272707,69377,52637,143652,14132,140039,449888,85.3,1.7999999999999998,1.4000000000000001,3.6999999999999997,0.4,3.6999999999999997,11.700000000000001
Pennsylvania,2012,12699589,10475818,1372144,19247,351626,3821,232597,721899,82.5,10.8,0.2,2.8000000000000003,0.0,1.7999999999999998,5.7
Rhode Island,2012,1052471,859686,64711,4784,31863,350,26786,131316,81.69999999999999,6.1,0.5,3.0,0.0,2.5,12.5
South Carolina,2012,4630351,3108466,1290704,15122,57635,1791,81422,232926,67.10000000000001,27.900000000000002,0.3,1.2,0.0,1.7999999999999998,5.0
South Dakota,2012,815871,701466,10331,71532,8060,157,17309,22778,86.0,1.3,8.799999999999999,1.0,0.0,2.1,2.8000000000000003
Tennessee,2012,6353226,4982977,1060494,15991,92800,2765,109927,288582,78.4,16.7,0.3,1.5,0.0,1.7000000000000002,4.5
Texas,2012,25208897,18670767,2972834,127794,979385,20671,554343,9479670,74.1,11.799999999999999,0.5,3.9,0.1,2.1999999999999997,37.6
Utah,2012,2766233,2465277,29912,30823,56081,25766,63332,357893,89.1,1.0999999999999999,1.0999999999999999,2.0,0.8999999999999999,2.3,12.9
Vermont,2012,625498,596251,5804,1855,7891,130,11631,9452,95.3,0.8999999999999999,0.3,1.3,0.0,1.9,1.5
Virginia,2012,8014955,5575445,1561042,25205,443460,5438,219962,631669,69.6,19.5,0.3,5.5,0.1,2.7,7.9
Washington,2012,6738714,5304864,238255,93416,484047,39246,311316,754366,78.7,3.5000000000000004,1.4000000000000001,7.199999999999999,0.6,4.6,11.200000000000001
West Virginia,2012,1850481,1737369,58260,2934,12694,531,34700,22026,93.89999999999999,3.1,0.2,0.7000000000000001,0.0,1.9,1.2
Wisconsin,2012,5687219,4961852,353470,49289,129550,1302,109310,335208,87.2,6.2,0.8999999999999999,2.3,0.0,1.9,5.8999999999999995
Wyoming,2012,562803,513021,4689,12951,4392,206,15445,50313,91.2,0.8,2.3,0.8,0.0,2.7,8.9
Puerto Rico,2012,3716727,2631788,282162,8608,12495,44,427407,3675889,70.8,7.6,0.2,0.3,0.0,11.5,98.9
Alabama,2013,4799277,3326188,1262152,25278,56831,1387,72145,188294,69.3,26.3,0.5,1.2,0.0,1.5,3.9
Alaska,2013,720316,481638,25033,101273,39200,8013,56757,42832,66.9,3.5000000000000004,14.099999999999998,5.4,1.0999999999999999,7.9,5.8999999999999995
Arizona,2013,6479703,5131739,270027,286953,182953,12607,191265,1935948,79.2,4.2,4.3999999999999995,2.8000000000000003,0.2,3.0,29.9
Arkansas,2013,2933369,2295446,454903,17945,37776,5697,58307,192264,78.3,15.5,0.6,1.3,0.2,2.0,6.6000000000000005
California,2013,37659181,23467167,2255372,286397,5005635,146290,1627359,14270345,62.3,6.0,0.8,13.3,0.4,4.3,37.9
Colorado,2013,5119329,4301096,203755,49177,141719,6549,175035,1064009,84.0,4.0,1.0,2.8000000000000003,0.1,3.4000000000000004,20.8
Connecticut,2013,3583561,2792554,361668,8770,141709,1304,94111,496939,77.9,10.100000000000001,0.2,4.0,0.0,2.6,13.900000000000002
Delaware,2013,908446,635474,194964,3010,30422,567,23066,76107,70.0,21.5,0.3,3.3000000000000003,0.1,2.5,8.4
District of Columbia,2013,619371,248141,310530,1990,21845,233,14467,59479,40.1,50.1,0.3,3.5000000000000004,0.0,2.3,9.6
Florida,2013,19091156,14568521,3056152,58390,475905,11258,430455,4369920,76.3,16.0,0.3,2.5,0.1,2.3,22.900000000000002
Georgia,2013,9810417,5948977,3010984,24496,330392,4554,193170,875849,60.6,30.7,0.2,3.4000000000000004,0.0,2.0,8.9
Hawaii,2013,1376298,344488,24532,3050,526743,134733,327334,128171,25.0,1.7999999999999998,0.2,38.3,9.8,23.799999999999997,9.3
Idaho,2013,1583364,1455692,8957,19984,20141,2216,39459,180901,91.9,0.6,1.3,1.3,0.1,2.5,11.4
Illinois,2013,12848554,9320910,1851524,27548,609923,2979,265702,2060706,72.5,14.399999999999999,0.2,4.7,0.0,2.1,16.0
Indiana,2013,6514861,5510618,592954,14975,107563,1852,136702,400788,84.6,9.1,0.2,1.7000000000000002,0.0,2.1,6.2
Iowa,2013,3062553,2802839,91754,9440,55878,1389,58229,157711,91.5,3.0,0.3,1.7999999999999998,0.0,1.9,5.1
Kansas,2013,2868107,2449273,164299,23958,70408,1887,92475,308122,85.39999999999999,5.7,0.8,2.5,0.1,3.2,10.7
Kentucky,2013,4361333,3835013,341576,8811,51411,2019,80523,136340,87.9,7.8,0.2,1.2,0.0,1.7999999999999998,3.1
Louisiana,2013,4567968,2874235,1463345,28466,73460,2141,75179,202145,62.9,32.0,0.6,1.6,0.0,1.6,4.3999999999999995
Maine,2013,1328320,1264047,14637,7364,14391,246,24073,17946,95.19999999999999,1.0999999999999999,0.6,1.0999999999999999,0.0,1.7999999999999998,1.4000000000000001
Maryland,2013,5834299,3406243,1717582,17535,332620,2570,162105,493310,58.4,29.4,0.3,5.7,0.0,2.8000000000000003,8.5
Massachusetts,2013,6605058,5318548,454887,12956,368178,1876,180738,655863,80.5,6.9,0.2,5.6000000000000005,0.0,2.7,9.9
Michigan,2013,9886095,7841011,1385154,54881,251175,2230,243968,447594,79.3,14.000000000000002,0.6,2.5,0.0,2.5,4.5
Minnesota,2013,5347740,4575991,279944,57479,222761,2259,132033,257144,85.6,5.2,1.0999999999999999,4.2,0.0,2.5,4.8
Mississippi,2013,2976872,1769766,1106982,13030,27646,274,34508,81433,59.5,37.2,0.4,0.8999999999999999,0.0,1.2,2.7
Missouri,2013,6007182,4984653,691128,22781,98962,6263,139240,219705,83.0,11.5,0.4,1.6,0.1,2.3,3.6999999999999997
Montana,2013,998554,893032,4038,64426,6246,676,24295,30490,89.4,0.4,6.5,0.6,0.1,2.4,3.1
Nebraska,2013,1841625,1624312,84228,16408,34144,1254,39933,173903,88.2,4.6,0.8999999999999999,1.9,0.1,2.1999999999999997,9.4
Nevada,2013,2730066,1948808,224424,29446,202157,16841,108275,734097,71.39999999999999,8.200000000000001,1.0999999999999999,7.3999999999999995,0.6,4.0,26.900000000000002
New Hampshire,2013,1319171,1240404,16011,2588,29337,214,21829,38817,94.0,1.2,0.2,2.1999999999999997,0.0,1.7000000000000002,2.9000000000000004
New Jersey,2013,8832406,6108784,1197753,20482,756668,2610,217263,1603510,69.19999999999999,13.600000000000001,0.2,8.6,0.0,2.5,18.2
New Mexico,2013,2069706,1511087,42196,189953,28034,1477,63618,966268,73.0,2.0,9.2,1.4000000000000001,0.1,3.1,46.7
New York,2013,19487053,12779326,3042152,72740,1479326,7365,510429,3488083,65.60000000000001,15.6,0.4,7.6,0.0,2.6,17.9
North Carolina,2013,9651380,6727690,2068726,111733,221392,5390,218935,824868,69.69999999999999,21.4,1.2,2.3,0.1,2.3,8.5
North Dakota,2013,689781,618098,9273,36659,7362,332,13526,16054,89.60000000000001,1.3,5.3,1.0999999999999999,0.0,2.0,2.3
Ohio,2013,11549590,9569431,1402897,20709,201394,2402,259004,367394,82.89999999999999,12.1,0.2,1.7000000000000002,0.0,2.1999999999999997,3.2
Oklahoma,2013,3785742,2783609,273421,266509,68161,4283,293976,345139,73.5,7.199999999999999,7.000000000000001,1.7999999999999998,0.1,7.8,9.1
Oregon,2013,3868721,3297149,70328,47411,147986,14993,145854,461901,85.2,1.7999999999999998,1.2,3.8,0.4,3.8,11.899999999999999
Pennsylvania,2013,12731381,10467433,1385799,20258,363967,3510,243574,753701,82.19999999999999,10.9,0.2,2.9000000000000004,0.0,1.9,5.8999999999999995
Rhode Island,2013,1051695,855594,66569,4616,32384,383,27547,135317,81.39999999999999,6.3,0.4,3.1,0.0,2.6,12.9
South Carolina,2013,4679602,3144146,1298534,14732,61097,2128,84835,241448,67.2,27.700000000000003,0.3,1.3,0.0,1.7999999999999998,5.2
South Dakota,2013,825198,706667,11531,71766,8597,226,19197,24598,85.6,1.4000000000000001,8.7,1.0,0.0,2.3,3.0
Tennessee,2013,6402387,5007014,1073534,16604,95801,3110,113243,300159,78.2,16.8,0.3,1.5,0.0,1.7999999999999998,4.7
Texas,2013,25639373,19075100,3030970,129219,1019260,20974,590326,9717727,74.4,11.799999999999999,0.5,4.0,0.1,2.3,37.9
Utah,2013,2813673,2487467,31101,31696,58150,26145,66319,368552,88.4,1.0999999999999999,1.0999999999999999,2.1,0.8999999999999999,2.4,13.100000000000001
Vermont,2013,625904,595862,6139,1841,7922,145,12251,9803,95.19999999999999,1.0,0.3,1.3,0.0,2.0,1.6
Virginia,2013,8100653,5627076,1568021,24816,457792,5633,237866,659599,69.5,19.400000000000002,0.3,5.7,0.1,2.9000000000000004,8.1
Washington,2013,6819579,5350938,245041,94194,498941,40695,324471,783693,78.5,3.5999999999999996,1.4000000000000001,7.3,0.6,4.8,11.5
West Virginia,2013,1853619,1737996,58489,2955,12806,666,35968,23285,93.8,3.2,0.2,0.7000000000000001,0.0,1.9,1.3
Wisconsin,2013,5706871,4966900,355873,49343,132609,1305,115553,345866,87.0,6.2,0.8999999999999999,2.3,0.0,2.0,6.1
Wyoming,2013,570134,518388,5167,13268,4782,197,15841,52454,90.9,0.8999999999999999,2.3,0.8,0.0,2.8000000000000003,9.2
Puerto Rico,2013,3682966,2575834,284860,10471,12120,61,434256,3643237,69.89999999999999,7.7,0.3,0.3,0.0,11.799999999999999,98.9
Alabama,2014,4817678,3327891,1269808,25181,58322,1430,76428,191838,69.1,26.400000000000002,0.5,1.2,0.0,1.6,4.0
Alaska,2014,728300,484195,25148,102743,40976,8335,58521,45247,66.5,3.5000000000000004,14.099999999999998,5.6000000000000005,1.0999999999999999,8.0,6.2
Arizona,2014,6561516,5174082,274380,290780,191071,12638,200532,1977026,78.9,4.2,4.3999999999999995,2.9000000000000004,0.2,3.1,30.099999999999998
Arkansas,2014,2947036,2306073,458136,18337,38409,6278,59238,198109,78.3,15.5,0.6,1.3,0.2,2.0,6.7
California,2014,38066920,23650913,2262323,287360,5130536,147286,1698173,14534449,62.1,5.8999999999999995,0.8,13.5,0.4,4.5,38.2
Colorado,2014,5197580,4364911,209062,49917,146561,6641,180206,1088602,84.0,4.0,1.0,2.8000000000000003,0.1,3.5000000000000004,20.9
Connecticut,2014,3592053,2789105,365871,8036,145842,1105,98797,512795,77.60000000000001,10.2,0.2,4.1000000000000005,0.0,2.8000000000000003,14.299999999999999
Delaware,2014,917060,639354,198028,3134,31745,494,23936,78598,69.69999999999999,21.6,0.3,3.5000000000000004,0.1,2.6,8.6
District of Columbia,2014,633736,254955,314138,2072,22785,195,15592,62637,40.2,49.6,0.3,3.5999999999999996,0.0,2.5,9.9
Florida,2014,19361792,14747196,3114841,59121,490833,12128,453399,4517191,76.2,16.1,0.3,2.5,0.1,2.3,23.3
Georgia,2014,9907756,5989234,3056726,25137,344195,4317,200871,896717,60.4,30.9,0.3,3.5000000000000004,0.0,2.0,9.1
Hawaii,2014,1392704,350634,26913,2725,529907,138735,328433,133485,25.2,1.9,0.2,38.0,10.0,23.599999999999998,9.6
Idaho,2014,1599464,1468732,9334,20363,21749,2177,39556,186374,91.8,0.6,1.3,1.4000000000000001,0.1,2.5,11.700000000000001
Illinois,2014,12868747,9331376,1849054,28535,627402,3240,277892,2095495,72.5,14.399999999999999,0.2,4.9,0.0,2.1999999999999997,16.3
Indiana,2014,6542411,5519313,598423,15286,114674,2076,141137,411536,84.39999999999999,9.1,0.2,1.7999999999999998,0.0,2.1999999999999997,6.3
Iowa,2014,3078116,2813097,95716,9688,59726,1715,58221,163110,91.4,3.1,0.3,1.9,0.1,1.9,5.3
Kansas,2014,2882946,2457815,167220,23727,72568,1655,95030,316141,85.3,5.800000000000001,0.8,2.5,0.1,3.3000000000000003,11.0
Kentucky,2014,4383272,3845535,345035,9000,53448,2109,86627,139636,87.7,7.9,0.2,1.2,0.0,2.0,3.2
Louisiana,2014,4601049,2890570,1477781,28807,75409,1671,77809,210524,62.8,32.1,0.6,1.6,0.0,1.7000000000000002,4.6
Maine,2014,1328535,1262817,14865,7552,14610,198,25242,18592,95.1,1.0999999999999999,0.6,1.0999999999999999,0.0,1.9,1.4000000000000001
Maryland,2014,5887776,3418336,1737155,16429,344956,2425,169506,515724,58.099999999999994,29.5,0.3,5.8999999999999995,0.0,2.9000000000000004,8.799999999999999
Massachusetts,2014,6657291,5326774,465792,13642,384642,1645,190267,681824,80.0,7.000000000000001,0.2,5.800000000000001,0.0,2.9000000000000004,10.2
Michigan,2014,9889024,7829621,1383205,54960,258567,1995,253535,457109,79.2,14.000000000000002,0.6,2.6,0.0,2.6,4.6
Minnesota,2014,5383661,4585781,290545,56490,230798,2166,139018,264265,85.2,5.4,1.0,4.3,0.0,2.6,4.9
Mississippi,2014,2984345,1769693,1113652,13056,28067,365,34426,84073,59.3,37.3,0.4,0.8999999999999999,0.0,1.2,2.8000000000000003
Missouri,2014,6028076,4991914,695813,24269,101772,5983,144268,226388,82.8,11.5,0.4,1.7000000000000002,0.1,2.4,3.8
Montana,2014,1006370,899503,4563,65110,6651,699,24899,31902,89.4,0.5,6.5,0.7000000000000001,0.1,2.5,3.2
Nebraska,2014,1855617,1637794,86423,16163,35696,1150,41316,180448,88.3,4.7,0.8999999999999999,1.9,0.1,2.1999999999999997,9.700000000000001
Nevada,2014,2761584,1935379,229638,30155,207610,17207,116058,752049,70.1,8.3,1.0999999999999999,7.5,0.6,4.2,27.200000000000003
New Hampshire,2014,1321069,1239543,16293,2510,30560,280,24078,40301,93.8,1.2,0.2,2.3,0.0,1.7999999999999998,3.1
New Jersey,2014,8874374,6094052,1201339,18921,779841,2671,220443,1649784,68.7,13.5,0.2,8.799999999999999,0.0,2.5,18.6
New Mexico,2014,2080085,1521876,42515,190350,28578,1271,65097,978189,73.2,2.0,9.2,1.4000000000000001,0.1,3.1,47.0
New York,2014,19594330,12733518,3060048,74572,1522549,6258,548262,3559644,65.0,15.6,0.4,7.8,0.0,2.8000000000000003,18.2
North Carolina,2014,9750405,6784901,2093389,113798,231830,6083,226539,848597,69.6,21.5,1.2,2.4,0.1,2.3,8.7
North Dakota,2014,704925,628770,10781,36989,8124,312,14836,18250,89.2,1.5,5.2,1.2,0.0,2.1,2.6
Ohio,2014,11560380,9549343,1407493,21077,208725,2893,274026,379542,82.6,12.2,0.2,1.7999999999999998,0.0,2.4,3.3000000000000003
Oklahoma,2014,3818851,2799122,277007,274099,71396,4390,296110,357916,73.3,7.3,7.199999999999999,1.9,0.1,7.8,9.4
Oregon,2014,3900343,3317668,70700,47155,152259,14513,153814,473729,85.1,1.7999999999999998,1.2,3.9,0.4,3.9,12.1
Pennsylvania,2014,12758729,10449680,1395718,22951,377735,3740,259758,784562,81.89999999999999,10.9,0.2,3.0,0.0,2.0,6.1
Rhode Island,2014,1053252,856605,66827,4951,32994,536,29345,139832,81.3,6.3,0.5,3.1,0.1,2.8000000000000003,13.3
South Carolina,2014,4727273,3176381,1305347,15137,63199,2326,90899,248459,67.2,27.6,0.3,1.3,0.0,1.9,5.3
South Dakota,2014,834708,712496,12642,72016,9433,229,20693,26459,85.39999999999999,1.5,8.6,1.0999999999999999,0.0,2.5,3.2
Tennessee,2014,6451365,5029109,1082001,17656,98441,3256,122662,309828,78.0,16.8,0.3,1.5,0.1,1.9,4.8
Texas,2014,26092033,19499105,3094227,127236,1067008,21867,620302,9962643,74.7,11.899999999999999,0.5,4.1000000000000005,0.1,2.4,38.2
Utah,2014,2858111,2515352,31163,31999,60631,26491,70463,379454,88.0,1.0999999999999999,1.0999999999999999,2.1,0.8999999999999999,2.5,13.3
Vermont,2014,626358,595385,6435,2008,8200,214,12192,10226,95.1,1.0,0.3,1.3,0.0,1.9,1.6
Virginia,2014,8185131,5668363,1577943,23421,475632,5485,255121,687265,69.3,19.3,0.3,5.800000000000001,0.1,3.1,8.4
Washington,2014,6899123,5392302,250484,95117,518072,42608,338963,809998,78.2,3.5999999999999996,1.4000000000000001,7.5,0.6,4.9,11.700000000000001
West Virginia,2014,1853881,1735816,59129,3075,13144,645,36921,24061,93.60000000000001,3.2,0.2,0.7000000000000001,0.0,2.0,1.3
Wisconsin,2014,5724692,4965198,357758,49563,137404,1303,120776,355292,86.7,6.2,0.8999999999999999,2.4,0.0,2.1,6.2
Wyoming,2014,575251,522535,5958,13144,5377,332,15518,54181,90.8,1.0,2.3,0.8999999999999999,0.1,2.7,9.4
Puerto Rico,2014,3638965,2533581,290999,11102,11484,129,396212,3601918,69.6,8.0,0.3,0.3,0.0,10.9,99.0
Alabama,2015,4830620,3325464,1276544,23850,59599,2439,81646,193492,68.8,26.400000000000002,0.5,1.2,0.1,1.7000000000000002,4.0
Alaska,2015,733375,484250,25022,101313,42921,8841,61755,47808,66.0,3.4000000000000004,13.8,5.8999999999999995,1.2,8.4,6.5
Arizona,2015,6641928,5210335,281576,294721,200090,12471,211845,2014711,78.4,4.2,4.3999999999999995,3.0,0.2,3.2,30.3
Arkansas,2015,2958208,2307849,459748,18409,40336,6845,62537,203226,78.0,15.5,0.6,1.4000000000000001,0.2,2.1,6.9
California,2015,38421464,23747013,2265387,287028,5261978,150370,1734897,14750686,61.8,5.8999999999999995,0.7000000000000001,13.700000000000001,0.4,4.5,38.4
Colorado,2015,5278906,4446095,213787,50008,153467,7695,183480,1112586,84.2,4.0,0.8999999999999999,2.9000000000000004,0.1,3.5000000000000004,21.099999999999998
Connecticut,2015,3593222,2778362,370501,8908,150670,981,101919,526508,77.3,10.299999999999999,0.2,4.2,0.0,2.8000000000000003,14.7
Delaware,2015,926454,642623,200481,3140,33643,306,25266,80706,69.39999999999999,21.6,0.3,3.5999999999999996,0.0,2.7,8.7
District of Columbia,2015,647484,260325,316447,2154,23822,250,17327,65803,40.2,48.9,0.3,3.6999999999999997,0.0,2.7,10.2
Florida,2015,19645772,14934702,3171108,54569,509085,11024,472082,4660733,76.0,16.1,0.3,2.6,0.1,2.4,23.7
Georgia,2015,10006693,6025691,3096757,25887,360448,4704,213803,915120,60.199999999999996,30.9,0.3,3.5999999999999996,0.0,2.1,9.1
Hawaii,2015,1406299,357164,28688,3012,530551,138901,333119,139251,25.4,2.0,0.2,37.7,9.9,23.7,9.9
Idaho,2015,1616547,1482914,9900,20504,21711,1921,41226,191314,91.7,0.6,1.3,1.3,0.1,2.6,11.799999999999999
Illinois,2015,12873761,9312771,1846108,28363,645642,3407,289537,2122841,72.3,14.299999999999999,0.2,5.0,0.0,2.1999999999999997,16.5
Indiana,2015,6568645,5529201,603014,14793,121729,2285,145601,421206,84.2,9.2,0.2,1.9,0.0,2.1999999999999997,6.4
Iowa,2015,3093526,2820046,97788,9977,62997,1882,60964,168230,91.2,3.2,0.3,2.0,0.1,2.0,5.4
Kansas,2015,2892987,2464566,168402,24022,75653,1796,95365,323218,85.2,5.800000000000001,0.8,2.6,0.1,3.3000000000000003,11.200000000000001
Kentucky,2015,4397353,3851591,347034,9063,55483,2197,90836,143481,87.6,7.9,0.2,1.3,0.0,2.1,3.3000000000000003
Louisiana,2015,4625253,2902538,1484363,27238,77818,1824,83877,218263,62.8,32.1,0.6,1.7000000000000002,0.0,1.7999999999999998,4.7
Maine,2015,1329100,1262026,15037,7811,14590,187,26298,19447,95.0,1.0999999999999999,0.6,1.0999999999999999,0.0,2.0,1.5
Maryland,2015,5930538,3416107,1750916,15579,357616,2754,175652,533671,57.599999999999994,29.5,0.3,6.0,0.0,3.0,9.0
Massachusetts,2015,6705586,5334859,478947,13189,400675,1644,194677,707928,79.60000000000001,7.1,0.2,6.0,0.0,2.9000000000000004,10.6
Michigan,2015,9900571,7823875,1381388,53951,268766,2083,261324,467021,79.0,14.000000000000002,0.5,2.7,0.0,2.6,4.7
Minnesota,2015,5419171,4594367,299176,56561,240786,1970,144226,270984,84.8,5.5,1.0,4.3999999999999995,0.0,2.7,5.0
Mississippi,2015,2988081,1768174,1116457,12896,28900,409,35334,86507,59.199999999999996,37.4,0.4,1.0,0.0,1.2,2.9000000000000004
Missouri,2015,6045448,4995527,697022,24951,106537,6161,147645,233046,82.6,11.5,0.4,1.7999999999999998,0.1,2.4,3.9
Montana,2015,1014699,904977,4757,65693,7187,848,25777,33622,89.2,0.5,6.5,0.7000000000000001,0.1,2.5,3.3000000000000003
Nebraska,2015,1869365,1647551,88195,16319,38066,1280,41595,186268,88.1,4.7,0.8999999999999999,2.0,0.1,2.1999999999999997,10.0
Nevada,2015,2798636,1929661,235721,31393,214846,17942,122935,770553,69.0,8.4,1.0999999999999999,7.7,0.6,4.3999999999999995,27.500000000000004
New Hampshire,2015,1324201,1241313,17439,2238,31364,228,24346,42141,93.7,1.3,0.2,2.4,0.0,1.7999999999999998,3.2
New Jersey,2015,8904413,6083940,1202300,18335,804989,2808,223826,1688008,68.30000000000001,13.5,0.2,9.0,0.0,2.5,19.0
New Mexico,2015,2084117,1524911,43738,190528,28761,1276,68053,986972,73.2,2.1,9.1,1.4000000000000001,0.1,3.3000000000000003,47.4
New York,2015,19673174,12704637,3070392,74793,1570223,6485,560879,3619658,64.60000000000001,15.6,0.4,8.0,0.0,2.9000000000000004,18.4
North Carolina,2015,9845333,6839831,2115338,116143,244076,6244,231391,869908,69.5,21.5,1.2,2.5,0.1,2.4,8.799999999999999
North Dakota,2015,721640,640208,11872,38286,8979,304,16132,20569,88.7,1.6,5.3,1.2,0.0,2.1999999999999997,2.9000000000000004
Ohio,2015,11575977,9538328,1412045,21646,216170,3060,287212,390970,82.39999999999999,12.2,0.2,1.9,0.0,2.5,3.4000000000000004
Oklahoma,2015,3849733,2813794,278571,279276,74570,4701,299936,371459,73.1,7.199999999999999,7.3,1.9,0.1,7.8,9.6
Oregon,2015,3939233,3352941,72837,46258,156695,15042,162793,485646,85.1,1.7999999999999998,1.2,4.0,0.4,4.1000000000000005,12.3
Pennsylvania,2015,12779559,10430142,1403143,23641,392595,4279,272689,815538,81.6,11.0,0.2,3.1,0.0,2.1,6.4
Rhode Island,2015,1053661,854859,68243,5106,34213,373,29782,143788,81.10000000000001,6.5,0.5,3.2,0.0,2.8000000000000003,13.600000000000001
South Carolina,2015,4777576,3210708,1315058,14966,66982,2588,93950,254092,67.2,27.500000000000004,0.3,1.4000000000000001,0.1,2.0,5.3
South Dakota,2015,843190,716691,13133,72619,10152,332,22323,27914,85.0,1.6,8.6,1.2,0.0,2.6,3.3000000000000003
Tennessee,2015,6499615,5059894,1091070,17802,102027,3323,128760,320090,77.8,16.8,0.3,1.6,0.1,2.0,4.9
Texas,2015,26538614,19874610,3152917,126493,1124011,21655,653062,10196367,74.9,11.899999999999999,0.5,4.2,0.1,2.5,38.4
Utah,2015,2903379,2544735,31909,31824,64102,26147,74755,389856,87.6,1.0999999999999999,1.0999999999999999,2.1999999999999997,0.8999999999999999,2.6,13.4
Vermont,2015,626604,594443,6949,2018,8774,249,12169,10691,94.89999999999999,1.0999999999999999,0.3,1.4000000000000001,0.0,1.9,1.7000000000000002
Virginia,2015,8256630,5695147,1589345,22570,492973,5304,268167,709156,69.0,19.2,0.3,6.0,0.1,3.2,8.6
Washington,2015,6985464,5434177,253224,93266,535501,44159,360705,835488,77.8,3.5999999999999996,1.3,7.7,0.6,5.2,12.0
West Virginia,2015,1851420,1732235,61367,2953,13485,625,36189,25408,93.60000000000001,3.3000000000000003,0.2,0.7000000000000001,0.0,2.0,1.4000000000000001
Wisconsin,2015,5742117,4967124,360792,50449,143732,1233,122730,364558,86.5,6.3,0.8999999999999999,2.5,0.0,2.1,6.3
Wyoming,2015,579679,527763,6142,12658,5319,423,15489,55698,91.0,1.0999999999999999,2.1999999999999997,0.8999999999999999,0.1,2.7,9.6
Puerto Rico,2015,3583073,2495997,301519,11775,10159,129,332051,3547288,69.69999999999999,8.4,0.3,0.3,0.0,9.3,99.0
Alabama,2016,4841164,3325037,1282053,23919,60744,2008,85412,193503,68.7,26.5,0.5,1.3,0.0,1.7999999999999998,4.0
Alaska,2016,736855,483518,24443,103574,44218,8862,62340,49031,65.60000000000001,3.3000000000000003,14.099999999999998,6.0,1.2,8.5,6.7
Arizona,2016,6728577,5235158,287110,296732,205229,12863,222579,2054849,77.8,4.3,4.3999999999999995,3.1,0.2,3.3000000000000003,30.5
Arkansas,2016,2968472,2307136,460638,18697,41539,6738,66079,207049,77.7,15.5,0.6,1.4000000000000001,0.2,2.1999999999999997,7.000000000000001
California,2016,38654206,23680584,2261835,285512,5354608,150908,1787159,14903982,61.3,5.8999999999999995,0.7000000000000001,13.900000000000002,0.4,4.6,38.6
Colorado,2016,5359295,4517058,219349,50160,157523,7441,183735,1132292,84.3,4.1000000000000005,0.8999999999999999,2.9000000000000004,0.1,3.4000000000000004,21.099999999999998
Connecticut,2016,3588570,2768080,372696,9399,152782,1031,106988,537728,77.10000000000001,10.4,0.3,4.3,0.0,3.0,15.0
Delaware,2016,934695,647002,203027,3494,34428,461,25831,82662,69.19999999999999,21.7,0.4,3.6999999999999997,0.0,2.8000000000000003,8.799999999999999
District of Columbia,2016,659009,266035,318598,2174,24036,271,18245,69106,40.400000000000006,48.3,0.3,3.5999999999999996,0.0,2.8000000000000003,10.5
Florida,2016,19934451,15130748,3216994,52904,521272,11288,495368,4806854,75.9,16.1,0.3,2.6,0.1,2.5,24.099999999999998
Georgia,2016,10099320,6039389,3148134,28950,373983,4916,222457,926990,59.8,31.2,0.3,3.6999999999999997,0.0,2.1999999999999997,9.2
Hawaii,2016,1413673,353643,25871,2715,537363,143973,336629,141827,25.0,1.7999999999999998,0.2,38.0,10.2,23.799999999999997,10.0
Idaho,2016,1635483,1493155,10433,21454,21630,2003,42050,195589,91.3,0.6,1.3,1.3,0.1,2.6,12.0
Illinois,2016,12851684,9270907,1837612,29399,655799,4186,300222,2136474,72.1,14.299999999999999,0.2,5.1,0.0,2.3,16.6
Indiana,2016,6589578,5534759,608226,15799,130232,2746,146316,429522,84.0,9.2,0.2,2.0,0.0,2.1999999999999997,6.5
Iowa,2016,3106589,2823890,103052,9951,66570,2422,61294,172707,90.9,3.3000000000000003,0.3,2.1,0.1,2.0,5.6000000000000005
Kansas,2016,2898292,2468923,167706,23871,77605,1874,96030,327739,85.2,5.800000000000001,0.8,2.7,0.1,3.3000000000000003,11.3
Kentucky,2016,4411989,3859516,350242,9052,57084,2584,92837,146945,87.5,7.9,0.2,1.3,0.1,2.1,3.3000000000000003
Louisiana,2016,4645670,2909290,1494201,26403,78719,1464,85159,223408,62.6,32.2,0.6,1.7000000000000002,0.0,1.7999999999999998,4.8
Maine,2016,1329923,1260476,16303,8013,14643,211,27126,19772,94.8,1.2,0.6,1.0999999999999999,0.0,2.0,1.5
Maryland,2016,5959902,3408240,1765926,15946,362259,2792,186153,550146,57.199999999999996,29.599999999999998,0.3,6.1,0.0,3.1,9.2
Massachusetts,2016,6742143,5343665,489233,13931,411736,2002,203014,731739,79.3,7.3,0.2,6.1,0.0,3.0,10.9
Michigan,2016,9909600,7817827,1376446,52891,276769,2492,271798,474381,78.9,13.900000000000002,0.5,2.8000000000000003,0.0,2.7,4.8
Minnesota,2016,5450868,4597525,310853,56904,246819,1969,148502,276026,84.3,5.7,1.0,4.5,0.0,2.7,5.1
Mississippi,2016,2989192,1764038,1121327,13072,28562,492,35367,86704,59.0,37.5,0.4,1.0,0.0,1.2,2.9000000000000004
Missouri,2016,6059651,5000875,701896,25641,107953,6479,148041,237284,82.5,11.600000000000001,0.4,1.7999999999999998,0.1,2.4,3.9
Montana,2016,1023391,911907,4260,67222,7481,841,26522,34841,89.1,0.4,6.6000000000000005,0.7000000000000001,0.1,2.6,3.4000000000000004
Nebraska,2016,1881259,1655708,88388,15739,39794,1305,43653,191802,88.0,4.7,0.8,2.1,0.1,2.3,10.2
Nevada,2016,2839172,1933057,243552,31927,222612,18334,129036,790497,68.10000000000001,8.6,1.0999999999999999,7.8,0.6,4.5,27.800000000000004
New Hampshire,2016,1327503,1243594,17483,2085,32094,229,24906,43500,93.7,1.3,0.2,2.4,0.0,1.9,3.3000000000000003
New Jersey,2016,8915456,6075710,1207221,18470,819208,2811,225713,1719831,68.10000000000001,13.5,0.2,9.2,0.0,2.5,19.3
New Mexico,2016,2082669,1530636,41957,193295,29168,1340,67797,995831,73.5,2.0,9.3,1.4000000000000001,0.1,3.3000000000000003,47.8
New York,2016,19697457,12667413,3073278,75751,1599216,7528,576440,3661929,64.3,15.6,0.4,8.1,0.0,2.9000000000000004,18.6
North Carolina,2016,9940828,6882915,2137131,117479,254550,6588,243370,884763,69.19999999999999,21.5,1.2,2.6,0.1,2.4,8.9
North Dakota,2016,736162,649730,14761,38369,9296,336,17979,22997,88.3,2.0,5.2,1.3,0.0,2.4,3.1
Ohio,2016,11586941,9519506,1421943,21459,224520,3248,298177,400932,82.19999999999999,12.3,0.2,1.9,0.0,2.6,3.5000000000000004
Oklahoma,2016,3875589,2823497,281295,286231,77541,4969,299764,381467,72.89999999999999,7.3,7.3999999999999995,2.0,0.1,7.7,9.8
Oregon,2016,3982267,3387825,74012,45233,160155,14936,175541,494806,85.1,1.9,1.0999999999999999,4.0,0.4,4.3999999999999995,12.4
Pennsylvania,2016,12783977,10402743,1410563,24947,401979,4463,285768,843164,81.39999999999999,11.0,0.2,3.1,0.0,2.1999999999999997,6.6000000000000005
Rhode Island,2016,1054491,854026,68886,5130,34598,575,30058,148375,81.0,6.5,0.5,3.3000000000000003,0.1,2.9000000000000004,14.099999999999998
South Carolina,2016,4834605,3252252,1322368,15417,68553,2784,100082,258361,67.30000000000001,27.400000000000002,0.3,1.4000000000000001,0.1,2.1,5.3
South Dakota,2016,851058,721410,14078,74187,11351,313,22239,29187,84.8,1.7000000000000002,8.7,1.3,0.0,2.6,3.4000000000000004
Tennessee,2016,6548009,5096733,1100577,18757,105368,3299,133210,327345,77.8,16.8,0.3,1.6,0.1,2.0,5.0
Texas,2016,26956435,20174403,3221133,128145,1175423,22248,673400,10413150,74.8,11.899999999999999,0.5,4.3999999999999995,0.1,2.5,38.6
Utah,2016,2948427,2572595,32512,31686,66039,26411,77810,397915,87.3,1.0999999999999999,1.0999999999999999,2.1999999999999997,0.8999999999999999,2.6,13.5
Vermont,2016,626249,592965,7404,1984,9212,206,12169,10900,94.69999999999999,1.2,0.3,1.5,0.0,1.9,1.7000000000000002
Virginia,2016,8310301,5712958,1596352,21948,502878,5494,279699,725092,68.7,19.2,0.3,6.1,0.1,3.4000000000000004,8.7
Washington,2016,7073146,5470566,256990,94026,552032,44870,377703,854275,77.3,3.5999999999999996,1.3,7.8,0.6,5.3,12.1
West Virginia,2016,1846092,1725411,63305,3281,13990,648,33726,26247,93.5,3.4000000000000004,0.2,0.8,0.0,1.7999999999999998,1.4000000000000001
Wisconsin,2016,5754798,4961193,361730,51459,148077,1378,125923,371205,86.2,6.3,0.8999999999999999,2.6,0.0,2.1999999999999997,6.5
Wyoming,2016,583029,531851,6435,13033,5385,391,15531,56386,91.2,1.0999999999999999,2.1999999999999997,0.8999999999999999,0.1,2.7,9.700000000000001
Puerto Rico,2016,3529385,2448085,320087,11814,9574,182,264764,3492166,69.39999999999999,9.1,0.3,0.3,0.0,7.5,98.9
