State,year,Total Population,White (pop),Black (pop),Native/Indigenous (pop),Asian (pop),Pacfic Islander (pop),Mixed Race (pop),Hispanic (pop),White (%),Black (%),Native/Indigenous (%),Asian (%),Pacfic Islander (%),Mixed Race (%),Hispanic (%)
Alaska,2009,683142,467650,25161,91939,0.04666379757063685,4269,50632,39661,0.685,0.037,0.135,0.0,0.006,0.074,0.058
Alabama,2009,4633360,3256941,1209938,22969,0.010069366507243124,2025,56490,130220,0.703,0.261,0.005,0.0,0.0,0.012,0.028
Arkansas,2009,2838143,2228798,439355,19233,0.010964916144112541,2505,49997,153630,0.785,0.155,0.007,0.0,0.001,0.018,0.054
Arizona,2009,6324865,4906936,227282,284265,0.024237829582133375,11045,164255,1881878,0.776,0.036,0.045,0.0,0.002,0.026,0.298
California,2009,36308527,22258042,2249404,283031,0.12320224392468469,132535,1272989,13102161,0.613,0.062,0.008,0.0,0.004,0.035,0.361
Colorado,2009,4843211,4055379,186598,46018,0.025878699069687445,5030,142611,955664,0.837,0.039,0.01,0.0,0.001,0.029,0.197
Connecticut,2009,3494487,2792362,330186,8169,0.033628684267533404,1292,69630,406476,0.799,0.094,0.002,0.0,0.0,0.02,0.116
District of Columbia,2009,588433,210983,324631,1573,0.029636339226386012,426,9446,49813,0.359,0.552,0.003,0.0,0.001,0.016,0.085
Delaware,2009,863832,626289,176743,2588,0.029038053695626002,134,14894,57807,0.725,0.205,0.003,0.0,0.0,0.017,0.067
Florida,2009,18222420,13958847,2799699,54985,0.022924507282786808,9959,331066,3746278,0.766,0.154,0.003,0.0,0.001,0.018,0.206
Georgia,2009,9497667,5899345,2818524,23947,0.028304951100096478,4988,132569,735125,0.621,0.297,0.003,0.0,0.001,0.014,0.077
Hawaii,2009,1280241,344681,30995,3781,0.38522278227302514,112940,278005,110653,0.269,0.024,0.003,0.0,0.088,0.217,0.086
Iowa,2009,2978880,2759828,72103,9404,0.015808626060801374,832,43466,122103,0.926,0.024,0.003,0.0,0.0,0.015,0.041
Idaho,2009,1492573,1374465,9030,18352,0.011214861852653102,1827,36454,149979,0.921,0.006,0.012,0.0,0.001,0.024,0.1
Illinois,2009,12785043,9190854,1875767,23208,0.04213736316725724,3459,208058,1872619,0.719,0.147,0.002,0.0,0.0,0.016,0.146
Indiana,2009,6342469,5436153,548998,14492,0.013475824635485014,1463,111612,321320,0.857,0.087,0.002,0.0,0.0,0.018,0.051
Kansas,2009,2777835,2382407,157121,22722,0.021684153306441887,1614,72533,244614,0.858,0.057,0.008,0.0,0.001,0.026,0.088
Kentucky,2009,4252000,3783499,318974,8193,0.010088428974600189,2839,58212,101044,0.89,0.075,0.002,0.0,0.001,0.014,0.024
Louisiana,2009,4411546,2821956,1405639,24909,0.01434961802506423,1031,52208,146073,0.64,0.319,0.006,0.0,0.0,0.012,0.033
Massachusetts,2009,6511176,5390474,399224,12811,0.04794018776331649,2346,123134,543149,0.828,0.061,0.002,0.0,0.0,0.019,0.083
Maryland,2009,5637418,3433516,1625880,15394,0.04926581637196319,3010,114120,371306,0.609,0.288,0.003,0.0,0.001,0.02,0.066
Maine,2009,1316380,1254176,15458,6636,0.009407617861103936,287,22897,16644,0.953,0.012,0.005,0.0,0.0,0.017,0.013
Michigan,2009,10039208,7999359,1405515,52270,0.0234522484243777,2930,188168,406161,0.797,0.14,0.005,0.0,0.0,0.019,0.04
Minnesota,2009,5188581,4551190,224453,54446,0.03594258237464155,2297,93182,208919,0.877,0.043,0.01,0.0,0.0,0.018,0.04
Missouri,2009,5904382,4955606,658633,23624,0.014432501149146515,4505,115851,184831,0.839,0.112,0.004,0.0,0.001,0.02,0.031
Mississippi,2009,2922240,1752786,1081589,12829,0.00843702091546211,816,27624,61456,0.6,0.37,0.004,0.0,0.0,0.009,0.021
Montana,2009,956257,856153,5283,59001,0.006622696618168547,825,22047,26853,0.895,0.006,0.062,0.0,0.001,0.023,0.028
North Carolina,2009,9045705,6375420,1909832,101986,0.019160474501434658,4716,151705,633220,0.705,0.211,0.011,0.0,0.001,0.017,0.07
North Dakota,2009,639725,580184,6029,34192,0.008303567939348938,383,9553,12571,0.907,0.009,0.053,0.0,0.001,0.015,0.02
Nebraska,2009,1772124,1571458,72806,14966,0.01601185921526936,1931,33179,137322,0.887,0.041,0.008,0.0,0.001,0.019,0.077
New Hampshire,2009,1315419,1246855,14227,3210,0.01899090707979739,291,16074,33778,0.948,0.011,0.002,0.0,0.0,0.012,0.026
New Jersey,2009,8650548,6073393,1175670,19312,0.07426535290018621,2713,152668,1375788,0.702,0.136,0.002,0.0,0.0,0.018,0.159
New Mexico,2009,1964860,1381186,43332,183098,0.013626416131429212,971,63085,879480,0.703,0.022,0.093,0.0,0.0,0.032,0.448
Nevada,2009,2545763,1909349,190093,30501,0.06178108488496376,12409,83678,641593,0.75,0.075,0.012,0.0,0.005,0.033,0.252
New York,2009,19423896,13031404,3024739,64950,0.0679465643761684,5378,358501,3172353,0.671,0.156,0.003,0.0,0.0,0.018,0.163
Ohio,2009,11511858,9669759,1349893,21960,0.015068201848910922,2870,193106,301340,0.84,0.117,0.002,0.0,0.0,0.017,0.026
Oklahoma,2009,3610073,2720673,264756,239130,0.016007432536682777,3565,228236,272460,0.754,0.073,0.066,0.0,0.001,0.063,0.075
Oregon,2009,3727407,3214583,64995,59700,0.03485854912007194,9685,123818,393466,0.862,0.017,0.016,0.0,0.003,0.033,0.106
Pennsylvania,2009,12516596,10482799,1300350,16740,0.02366058631276427,3026,168386,584932,0.838,0.104,0.001,0.0,0.0,0.013,0.047
Puerto Rico,2009,3940109,2964136,285752,8056,0.0030671740299570392,178,254204,3889245,0.752,0.073,0.002,0.0,0.0,0.065,0.987
Rhode Island,2009,1057381,875224,57658,4520,0.027489618217085423,257,21168,120586,0.828,0.055,0.004,0.0,0.0,0.02,0.114
South Carolina,2009,4416867,2977453,1245855,13825,0.012057868167640094,2130,58451,178650,0.674,0.282,0.003,0.0,0.0,0.013,0.04
South Dakota,2009,796513,693239,7547,66667,0.008701678440904291,204,14951,20070,0.87,0.009,0.084,0.0,0.0,0.019,0.025
Tennessee,2009,6158953,4875744,1016050,15614,0.013365421038283618,3116,86209,228443,0.792,0.165,0.003,0.0,0.001,0.014,0.037
Texas,2009,23819042,17111322,2738904,121241,0.03404183929815481,19237,458091,8555099,0.718,0.115,0.005,0.0,0.001,0.019,0.359
Utah,2009,2651816,2376805,27229,32008,0.019972728122916523,20531,52481,306531,0.896,0.01,0.012,0.0,0.008,0.02,0.116
Virginia,2009,7721730,5458832,1510139,22932,0.048148277652805785,5804,159701,514959,0.707,0.196,0.003,0.0,0.001,0.021,0.067
Vermont,2009,620414,595731,4820,1713,0.010891114642803032,82,9260,8434,0.96,0.008,0.003,0.0,0.0,0.015,0.014
Washington,2009,6465755,5201398,220417,91437,0.06565838018916584,28884,244250,623825,0.804,0.034,0.014,0.0,0.004,0.038,0.096
Wisconsin,2009,5599420,4911907,332660,48025,0.020623564583474717,1339,81598,276244,0.877,0.059,0.009,0.0,0.0,0.015,0.049
West Virginia,2009,1811403,1707128,59677,3008,0.006326035675109294,660,25359,19574,0.942,0.033,0.002,0.0,0.0,0.014,0.011
Wyoming,2009,523949,479259,4818,11770,0.007309871762328013,180,13022,39783,0.915,0.009,0.022,0.0,0.0,0.025,0.076
Alabama,2010,4712651,3293917,1232325,25814,0.010868405065429203,1769,61370,162371,0.699,0.261,0.005,0.0,0.0,0.013,0.034
Alaska,2010,691189,464150,22655,98120,0.05211454464697789,6317,54093,38393,0.672,0.033,0.142,0.0,0.009,0.078,0.056
Arizona,2010,6246816,4883606,240655,278336,0.026679671691946745,12038,166541,1814674,0.782,0.039,0.045,0.0,0.002,0.027,0.29
Arkansas,2010,2872684,2253875,445197,19192,0.01160134564052294,4133,51578,168427,0.785,0.155,0.007,0.0,0.001,0.018,0.059
California,2010,36637290,22392713,2246311,283628,0.1295743216815436,140429,1378348,13456157,0.611,0.061,0.008,0.0,0.004,0.038,0.367
Colorado,2010,4887061,4082565,190598,47022,0.027242140010120604,5757,150461,983326,0.835,0.039,0.01,0.0,0.001,0.031,0.201
Connecticut,2010,3545837,2795926,342764,7959,0.036635637791584894,1332,78792,447111,0.789,0.097,0.002,0.0,0.0,0.022,0.126
Delaware,2010,881278,626426,185253,3076,0.03167445459888934,457,18237,66915,0.711,0.21,0.003,0.0,0.001,0.021,0.076
District of Columbia,2010,584400,222375,309048,1625,0.03477583846680356,362,10646,51301,0.381,0.529,0.003,0.0,0.001,0.018,0.088
Florida,2010,18511620,14115228,2900412,54570,0.024016482620105643,10797,361900,3995324,0.763,0.157,0.003,0.0,0.001,0.02,0.216
Georgia,2010,9468815,5788255,2873069,23234,0.031364642777369715,4850,143911,784712,0.611,0.303,0.002,0.0,0.001,0.015,0.083
Hawaii,2010,1333591,333842,21170,3506,0.39430979963122126,127661,305600,115433,0.25,0.016,0.003,0.0,0.096,0.229,0.087
Idaho,2010,1526797,1407354,8674,18951,0.011749433618221675,2284,37370,161337,0.922,0.006,0.012,0.0,0.001,0.024,0.106
Illinois,2010,12745359,9136680,1860305,24729,0.04484275413505418,3290,221214,1939928,0.717,0.146,0.002,0.0,0.0,0.017,0.152
Indiana,2010,6417398,5461258,572352,14487,0.014988785174302731,1510,122645,361472,0.851,0.089,0.002,0.0,0.0,0.019,0.056
Iowa,2010,3016267,2773410,82682,9825,0.016697129266076246,961,50491,136932,0.919,0.027,0.003,0.0,0.0,0.017,0.045
Kansas,2010,2809329,2391786,161768,24422,0.02353551328448893,1625,82469,276108,0.851,0.058,0.009,0.0,0.001,0.029,0.098
Kentucky,2010,4285828,3792514,330764,8794,0.01064065100139343,2674,65300,117348,0.885,0.077,0.002,0.0,0.001,0.015,0.027
Louisiana,2010,4429940,2819074,1405685,27352,0.015171763048709463,1416,58860,172754,0.636,0.317,0.006,0.0,0.0,0.013,0.039
Maine,2010,1327665,1268805,13903,7002,0.010117009938501053,438,19953,17043,0.956,0.01,0.005,0.0,0.0,0.015,0.013
Maryland,2010,5696423,3396216,1665235,16213,0.05346758834447512,2977,132256,429946,0.596,0.292,0.003,0.0,0.001,0.023,0.075
Massachusetts,2010,6477096,5289078,422303,12584,0.0518605869049957,2281,144079,584975,0.817,0.065,0.002,0.0,0.0,0.022,0.09
Michigan,2010,9952687,7895340,1401616,54502,0.024404062943002226,2722,210788,423412,0.793,0.141,0.005,0.0,0.0,0.021,0.043
Minnesota,2010,5241914,4539826,257165,55370,0.03895561811964103,2135,107609,233716,0.866,0.049,0.011,0.0,0.0,0.021,0.045
Mississippi,2010,2941991,1761910,1088270,13610,0.008392615748994473,636,29446,69834,0.599,0.37,0.005,0.0,0.0,0.01,0.024
Missouri,2010,5922314,4938222,679062,22829,0.01555928983164351,5201,123752,198670,0.834,0.115,0.004,0.0,0.001,0.021,0.034
Montana,2010,973739,874571,4325,60135,0.006255269635908596,609,21958,27260,0.898,0.004,0.062,0.0,0.001,0.023,0.028
Nebraska,2010,1799125,1587857,77986,15651,0.016465781977350102,1209,37772,151971,0.883,0.043,0.009,0.0,0.001,0.021,0.084
Nevada,2010,2633331,1938033,207567,28403,0.0698655049441183,15526,92441,673897,0.736,0.079,0.011,0.0,0.006,0.035,0.256
New Hampshire,2010,1313939,1241539,14186,2835,0.021122746185325194,287,17341,35338,0.945,0.011,0.002,0.0,0.0,0.013,0.027
New Jersey,2010,8721577,6074010,1176241,19683,0.08000709046081919,2303,174609,1468176,0.696,0.135,0.002,0.0,0.0,0.02,0.168
New Mexico,2010,2013122,1433955,39935,188217,0.013641994871647124,1088,61309,913902,0.712,0.02,0.093,0.0,0.001,0.03,0.454
New York,2010,19229752,12764402,2990591,66876,0.07240759007188444,5334,402373,3288880,0.664,0.156,0.003,0.0,0.0,0.021,0.171
North Carolina,2010,9271178,6453727,1980942,106026,0.0210321708848649,5170,174077,723408,0.696,0.214,0.011,0.0,0.001,0.019,0.078
North Dakota,2010,659858,597392,7034,34798,0.00929290847424749,439,10351,12878,0.905,0.011,0.053,0.0,0.001,0.016,0.02
Ohio,2010,11512431,9598726,1391240,22785,0.016196752883904365,2162,212840,333019,0.834,0.121,0.002,0.0,0.0,0.018,0.029
Oklahoma,2010,3675339,2720135,267179,259809,0.01675518911316752,3967,263896,302167,0.74,0.073,0.071,0.0,0.001,0.072,0.082
Oregon,2010,3761925,3220250,66427,60612,0.036023578354167085,12100,131193,420195,0.856,0.018,0.016,0.0,0.003,0.035,0.112
Pennsylvania,2010,12612705,10460096,1347052,18205,0.026357153362423048,3012,196836,656508,0.829,0.107,0.001,0.0,0.0,0.016,0.052
Rhode Island,2010,1056389,866678,62082,4521,0.02933673107160336,357,23479,124432,0.82,0.059,0.004,0.0,0.0,0.022,0.118
South Carolina,2010,4511428,3034000,1269484,14095,0.012033440409555467,2053,66819,208754,0.673,0.281,0.003,0.0,0.0,0.015,0.046
South Dakota,2010,799462,692330,8874,68215,0.008913494324933519,241,15551,20444,0.866,0.011,0.085,0.0,0.0,0.019,0.026
Tennessee,2010,6234968,4910745,1037376,15237,0.013994779123164706,2987,95310,261448,0.788,0.166,0.002,0.0,0.0,0.015,0.042
Texas,2010,24311891,17503446,2864666,119680,0.03721763148740672,19005,488717,8917477,0.72,0.118,0.005,0.0,0.001,0.02,0.367
Utah,2010,2657236,2375876,27030,30831,0.019962848614123847,23944,55584,326806,0.894,0.01,0.012,0.0,0.009,0.021,0.123
Vermont,2010,624258,596947,5494,1832,0.011847665548539226,87,10139,9154,0.956,0.009,0.003,0.0,0.0,0.016,0.015
Virginia,2010,7841754,5479975,1532150,24941,0.05311936589696642,5711,180736,574966,0.699,0.195,0.003,0.0,0.001,0.023,0.073
Washington,2010,6561297,5199167,229885,95212,0.06976837049138303,35706,272139,691548,0.792,0.035,0.015,0.0,0.005,0.041,0.105
West Virginia,2010,1840802,1734615,58968,3139,0.006237498655477341,529,27932,20955,0.942,0.032,0.002,0.0,0.0,0.015,0.011
Wisconsin,2010,5637947,4914551,348662,49189,0.021717479784751435,1553,94070,310549,0.872,0.062,0.009,0.0,0.0,0.017,0.055
Wyoming,2010,545579,498326,4135,12786,0.007584602779799076,242,14200,45782,0.913,0.008,0.023,0.0,0.0,0.026,0.084
Puerto Rico,2010,3762322,2761508,274843,7415,0.003299558092050601,101,310046,3716870,0.734,0.073,0.002,0.0,0.0,0.082,0.988
Alabama,2011,4747424,3307557,1244112,26399,0.011094016460295099,1256,65673,173990,0.697,0.262,0.006,0.0,0.0,0.014,0.037
Alaska,2011,700703,472504,23426,97628,0.05125138610795159,6848,55404,39212,0.674,0.033,0.139,0.0,0.01,0.079,0.056
Arizona,2011,6337373,4987541,252127,280986,0.027186343615879956,11933,172310,1864375,0.787,0.04,0.044,0.0,0.002,0.027,0.294
Arkansas,2011,2895928,2271277,449283,17239,0.012022053034467708,5031,54283,177869,0.784,0.155,0.006,0.0,0.002,0.019,0.061
California,2011,36969200,22860341,2252129,287712,0.1305213799595339,141382,1459887,13752743,0.618,0.061,0.008,0.0,0.004,0.039,0.372
Colorado,2011,4966061,4167044,195640,48201,0.027029067907140086,5798,159786,1011545,0.839,0.039,0.01,0.0,0.001,0.032,0.204
Connecticut,2011,3558172,2796198,347941,8104,0.03769013976839793,1327,82104,463407,0.786,0.098,0.002,0.0,0.0,0.023,0.13
Delaware,2011,890856,630804,188519,3109,0.03224539094982803,442,19435,70196,0.708,0.212,0.003,0.0,0.0,0.022,0.079
District of Columbia,2011,593955,231122,308516,1779,0.03497403001910919,311,11359,53372,0.389,0.519,0.003,0.0,0.001,0.019,0.09
Florida,2011,18688787,14270053,2946899,58192,0.024367713110540562,11005,382884,4122759,0.764,0.158,0.003,0.0,0.001,0.02,0.221
Georgia,2011,9600612,5849795,2922448,23979,0.032151804489130485,4653,160652,824037,0.609,0.304,0.002,0.0,0.0,0.017,0.086
Hawaii,2011,1346554,335908,21628,3198,0.3893449501468192,129157,316096,119059,0.249,0.016,0.002,0.0,0.096,0.235,0.088
Idaho,2011,1549987,1431372,8823,19584,0.012073649649964806,2425,37948,168949,0.923,0.006,0.013,0.0,0.002,0.024,0.109
Illinois,2011,12790182,9214977,1859608,25216,0.045605449554978965,3185,234125,1987211,0.72,0.145,0.002,0.0,0.0,0.018,0.155
Indiana,2011,6454254,5482893,576304,14772,0.015368778483152351,1233,131771,377169,0.85,0.089,0.002,0.0,0.0,0.02,0.058
Iowa,2011,3032266,2782349,85714,9958,0.017439433084036823,1112,52876,144158,0.918,0.028,0.003,0.0,0.0,0.017,0.048
Kansas,2011,2830985,2412703,163063,23860,0.023854594778849058,1734,85765,287599,0.852,0.058,0.008,0.0,0.001,0.03,0.102
Kentucky,2011,4316040,3808381,336628,8913,0.011064308949870715,2403,69194,124593,0.882,0.078,0.002,0.0,0.001,0.016,0.029
Louisiana,2011,4484596,2838981,1429820,28154,0.015465161187317654,1719,65516,183706,0.633,0.319,0.006,0.0,0.0,0.015,0.041
Maine,2011,1328543,1268113,13979,7124,0.010345920305176422,310,21651,17307,0.955,0.011,0.005,0.0,0.0,0.016,0.013
Maryland,2011,5736545,3397326,1683842,16603,0.05454206321052132,2708,139300,451861,0.592,0.294,0.003,0.0,0.0,0.024,0.079
Massachusetts,2011,6512227,5294754,431907,12238,0.05304206994012954,1711,155263,606922,0.813,0.066,0.002,0.0,0.0,0.024,0.093
Michigan,2011,9920621,7869573,1395245,54638,0.024658033000151906,2690,223540,432043,0.793,0.141,0.006,0.0,0.0,0.023,0.044
Minnesota,2011,5278190,4556910,264751,57271,0.03946712793590227,2129,116735,242956,0.863,0.05,0.011,0.0,0.0,0.022,0.046
Mississippi,2011,2956700,1767875,1094596,13775,0.008728311969425372,579,31426,75626,0.598,0.37,0.005,0.0,0.0,0.011,0.026
Missouri,2011,5955802,4957147,686044,22509,0.0157211404945967,5725,130116,206777,0.832,0.115,0.004,0.0,0.001,0.022,0.035
Montana,2011,982854,881905,4403,61399,0.006103653238426053,664,22936,28368,0.897,0.004,0.062,0.0,0.001,0.023,0.029
Nebraska,2011,1813061,1600661,79828,15858,0.016897942209335482,1263,39937,159550,0.883,0.044,0.009,0.0,0.001,0.022,0.088
Nevada,2011,2673396,1960913,214360,29344,0.07110020363612424,16391,96094,698713,0.733,0.08,0.011,0.0,0.006,0.036,0.261
New Hampshire,2011,1315911,1241530,14520,2688,0.02105157567647052,296,19392,36452,0.943,0.011,0.002,0.0,0.0,0.015,0.028
New Jersey,2011,8753064,6095247,1180649,20490,0.08167311469446585,2112,192130,1512251,0.696,0.135,0.002,0.0,0.0,0.022,0.173
New Mexico,2011,2037136,1467191,41082,188613,0.013358950997871521,1157,61687,934301,0.72,0.02,0.093,0.0,0.001,0.03,0.459
New York,2011,19302448,12768805,3013740,67766,0.07331437960615152,6706,441667,3356747,0.662,0.156,0.004,0.0,0.0,0.023,0.174
North Carolina,2011,9418736,6560948,2016228,108960,0.021533144150128,4725,188390,764707,0.697,0.214,0.012,0.0,0.001,0.02,0.081
North Dakota,2011,666783,602373,7231,35544,0.010037748412901948,348,10965,13210,0.903,0.011,0.053,0.0,0.001,0.016,0.02
Ohio,2011,11525536,9592249,1395378,21194,0.016527214005491807,2162,229242,345370,0.832,0.121,0.002,0.0,0.0,0.02,0.03
Oklahoma,2011,3714520,2743563,270192,258295,0.01708726834153538,4257,277969,318007,0.739,0.073,0.07,0.0,0.001,0.075,0.086
Oregon,2011,3801991,3245856,68155,57114,0.0366276511438349,13447,135010,436806,0.854,0.018,0.015,0.0,0.004,0.036,0.115
Pennsylvania,2011,12660739,10473096,1358759,18065,0.027003163085503934,2785,215515,690128,0.827,0.107,0.001,0.0,0.0,0.017,0.055
Rhode Island,2011,1053959,863294,62682,4606,0.029864539322687126,459,25028,127816,0.819,0.059,0.004,0.0,0.0,0.024,0.121
South Carolina,2011,4575864,3075318,1281627,14939,0.012363785287324973,1920,72080,222550,0.672,0.28,0.003,0.0,0.0,0.016,0.049
South Dakota,2011,807697,697042,9347,69154,0.009498611484257092,197,17451,21539,0.863,0.012,0.086,0.0,0.0,0.022,0.027
Tennessee,2011,6297991,4949985,1048714,15285,0.014365057047556912,3097,101088,277011,0.786,0.167,0.002,0.0,0.0,0.016,0.044
Texas,2011,24774187,18093212,2917108,125101,0.037924877211914156,19966,524082,9216240,0.73,0.118,0.005,0.0,0.001,0.021,0.372
Utah,2011,2715379,2426175,29056,30842,0.020205650850212805,25137,60337,344014,0.893,0.011,0.011,0.0,0.009,0.022,0.127
Vermont,2011,624958,596736,5464,1802,0.012071211185391659,155,11141,9451,0.955,0.009,0.003,0.0,0.0,0.018,0.015
Virginia,2011,7926192,5526985,1545568,25665,0.054279154479225336,5295,198171,604882,0.697,0.195,0.003,0.0,0.001,0.025,0.076
Washington,2011,6652845,5256224,233549,94243,0.07076641647295255,37084,292915,725373,0.79,0.035,0.014,0.0,0.006,0.044,0.109
West Virginia,2011,1846372,1736461,58296,3052,0.006395785897966391,456,32083,22007,0.94,0.032,0.002,0.0,0.0,0.017,0.012
Wisconsin,2011,5664893,4941085,352620,48741,0.02217694138265277,1503,101366,324238,0.872,0.062,0.009,0.0,0.0,0.018,0.057
Wyoming,2011,554697,506661,4309,12752,0.007184102311712521,204,14879,46391,0.913,0.008,0.023,0.0,0.0,0.027,0.084
Puerto Rico,2011,3742586,2695914,274200,7554,0.0031264478625207277,77,376281,3697954,0.72,0.073,0.002,0.0,0.0,0.101,0.988
Alabama,2012,4777326,3321318,1256097,26166,0.011496598724893382,1298,66839,182268,0.695,0.263,0.005,0.0,0.0,0.014,0.038
Alaska,2012,711139,477985,24219,98976,0.05339040609501096,7363,56792,40371,0.672,0.034,0.139,0.0,0.01,0.08,0.057
Arizona,2012,6410979,5085954,262284,283805,0.027702165301118596,12506,179981,1902946,0.793,0.041,0.044,0.0,0.002,0.028,0.297
Arkansas,2012,2916372,2285577,453062,17390,0.01225632395318567,5516,56104,185239,0.784,0.155,0.006,0.0,0.002,0.019,0.064
California,2012,37325068,23252553,2254160,291505,0.13185623667182603,144236,1546851,14024109,0.623,0.06,0.008,0.0,0.004,0.041,0.376
Colorado,2012,5042853,4243753,201424,49099,0.027143761676178147,6034,166828,1040478,0.842,0.04,0.01,0.0,0.001,0.033,0.206
Connecticut,2012,3572213,2802217,355660,8531,0.038730893146629274,1472,87718,480185,0.784,0.1,0.002,0.0,0.0,0.025,0.134
Delaware,2012,900131,634259,192629,2877,0.032414170826246404,377,20916,73230,0.705,0.214,0.003,0.0,0.0,0.023,0.081
District of Columbia,2012,605759,239413,309263,2143,0.035393613631823875,312,12536,56259,0.395,0.511,0.004,0.0,0.001,0.021,0.093
Florida,2012,18885152,14438364,3005551,58119,0.024600649229617,11575,409903,4247427,0.765,0.159,0.003,0.0,0.001,0.022,0.225
Georgia,2012,9714569,5903173,2970481,24937,0.03278889675908422,4498,178503,853602,0.608,0.306,0.003,0.0,0.0,0.018,0.088
Hawaii,2012,1362730,339079,22399,3079,0.38727040572967497,133873,320311,122882,0.249,0.016,0.002,0.0,0.098,0.235,0.09
Idaho,2012,1567803,1445289,8821,19376,0.012180739544445316,2213,39180,175512,0.922,0.006,0.012,0.0,0.001,0.025,0.112
Illinois,2012,12823860,9298731,1860471,26669,0.046406464200326576,2907,250627,2027384,0.725,0.145,0.002,0.0,0.0,0.02,0.158
Indiana,2012,6485530,5500814,582691,15241,0.015837256168732546,1533,136627,389094,0.848,0.09,0.002,0.0,0.0,0.021,0.06
Iowa,2012,3047646,2793432,88664,9708,0.017804561290911083,1308,56045,151027,0.917,0.029,0.003,0.0,0.0,0.018,0.05
Kansas,2012,2851183,2435253,164177,23435,0.024089299073402164,1603,88695,298636,0.854,0.058,0.008,0.0,0.001,0.031,0.105
Kentucky,2012,4340167,3823344,339228,8607,0.011446794558826884,2370,74380,131039,0.881,0.078,0.002,0.0,0.001,0.017,0.03
Louisiana,2012,4529605,2856883,1450992,28702,0.01577621006688221,1826,69984,192582,0.631,0.32,0.006,0.0,0.0,0.015,0.043
Maine,2012,1329084,1266435,14338,7168,0.010511750950278538,288,23528,17241,0.953,0.011,0.005,0.0,0.0,0.018,0.013
Maryland,2012,5785496,3408049,1700174,17323,0.055892009950400105,2419,152556,472285,0.589,0.294,0.003,0.0,0.0,0.026,0.082
Massachusetts,2012,6560595,5310948,446347,12908,0.05446975464877805,1576,167819,630406,0.81,0.068,0.002,0.0,0.0,0.026,0.096
Michigan,2012,9897264,7852317,1391269,55723,0.024813625260476025,2678,234380,438398,0.793,0.141,0.006,0.0,0.0,0.024,0.044
Minnesota,2012,5313081,4570137,271953,56770,0.0406843035142886,2087,124354,250025,0.86,0.051,0.011,0.0,0.0,0.023,0.047
Mississippi,2012,2967620,1768530,1101849,13344,0.008897028595305329,345,33496,78634,0.596,0.371,0.004,0.0,0.0,0.011,0.026
Missouri,2012,5982413,4972530,689683,22704,0.016052887020672094,5812,134300,212152,0.831,0.115,0.004,0.0,0.001,0.022,0.035
Montana,2012,990785,887924,4145,62398,0.006090120460039262,674,23879,28984,0.896,0.004,0.063,0.0,0.001,0.024,0.029
Nebraska,2012,1827306,1612538,82341,16461,0.017677389555991168,1075,39295,167155,0.882,0.045,0.009,0.0,0.001,0.022,0.091
Nevada,2012,2704204,1970074,218305,30061,0.07257033862829876,16472,103745,717835,0.729,0.081,0.011,0.0,0.006,0.038,0.265
New Hampshire,2012,1317474,1241440,15339,2470,0.021771966657406522,203,20647,37355,0.942,0.012,0.002,0.0,0.0,0.016,0.028
New Jersey,2012,8793888,6121023,1187307,21702,0.08369619899639386,2592,208220,1557680,0.696,0.135,0.002,0.0,0.0,0.024,0.177
New Mexico,2012,2055287,1492641,41634,189785,0.013066301689253131,1344,62839,952569,0.726,0.02,0.092,0.0,0.001,0.031,0.463
New York,2012,19398125,12808268,3037255,69500,0.0745195218610046,6477,474066,3425845,0.66,0.157,0.004,0.0,0.0,0.024,0.177
North Carolina,2012,9544249,6659867,2047092,110171,0.02218173478080884,4424,204471,796293,0.698,0.214,0.012,0.0,0.0,0.021,0.083
North Dakota,2012,676253,608799,8286,36160,0.010157441076046983,375,11827,14195,0.9,0.012,0.053,0.0,0.001,0.017,0.021
Ohio,2012,11533561,9577732,1403238,21447,0.0170281320747339,2164,242289,354910,0.83,0.122,0.002,0.0,0.0,0.021,0.031
Oklahoma,2012,3749005,2766297,270993,261060,0.017509445839629448,4271,287641,331057,0.738,0.072,0.07,0.0,0.001,0.077,0.088
Oregon,2012,3836628,3272707,69377,52637,0.03744225397927555,14132,140039,449888,0.853,0.018,0.014,0.0,0.004,0.037,0.117
Pennsylvania,2012,12699589,10475818,1372144,19247,0.027687982658336423,3821,232597,721899,0.825,0.108,0.002,0.0,0.0,0.018,0.057
Rhode Island,2012,1052471,859686,64711,4784,0.030274468370149868,350,26786,131316,0.817,0.061,0.005,0.0,0.0,0.025,0.125
South Carolina,2012,4630351,3108466,1290704,15122,0.01244722052388685,1791,81422,232926,0.671,0.279,0.003,0.0,0.0,0.018,0.05
South Dakota,2012,815871,701466,10331,71532,0.009879012736082052,157,17309,22778,0.86,0.013,0.088,0.0,0.0,0.021,0.028
Tennessee,2012,6353226,4982977,1060494,15991,0.014606752538001954,2765,109927,288582,0.784,0.167,0.003,0.0,0.0,0.017,0.045
Texas,2012,25208897,18670767,2972834,127794,0.038850767647628535,20671,554343,9479670,0.741,0.118,0.005,0.0,0.001,0.022,0.376
Utah,2012,2766233,2465277,29912,30823,0.020273418761181723,25766,63332,357893,0.891,0.011,0.011,0.0,0.009,0.023,0.129
Vermont,2012,625498,596251,5804,1855,0.012615547931408254,130,11631,9452,0.953,0.009,0.003,0.0,0.0,0.019,0.015
Virginia,2012,8014955,5575445,1561042,25205,0.055329069221224575,5438,219962,631669,0.696,0.195,0.003,0.0,0.001,0.027,0.079
Washington,2012,6738714,5304864,238255,93416,0.07183076771027826,39246,311316,754366,0.787,0.035,0.014,0.0,0.006,0.046,0.112
West Virginia,2012,1850481,1737369,58260,2934,0.006859838063725053,531,34700,22026,0.939,0.031,0.002,0.0,0.0,0.019,0.012
Wisconsin,2012,5687219,4961852,353470,49289,0.022779147418096612,1302,109310,335208,0.872,0.062,0.009,0.0,0.0,0.019,0.059
Wyoming,2012,562803,513021,4689,12951,0.00780379635503009,206,15445,50313,0.912,0.008,0.023,0.0,0.0,0.027,0.089
Puerto Rico,2012,3716727,2631788,282162,8608,0.0033618288348861783,44,427407,3675889,0.708,0.076,0.002,0.0,0.0,0.115,0.989
Alabama,2013,4799277,3326188,1262152,25278,0.011841575303946824,1387,72145,188294,0.693,0.263,0.005,0.0,0.0,0.015,0.039
Alaska,2013,720316,481638,25033,101273,0.05442055986539241,8013,56757,42832,0.669,0.035,0.141,0.0,0.011,0.079,0.059
Arizona,2013,6479703,5131739,270027,286953,0.02823478174848446,12607,191265,1935948,0.792,0.042,0.044,0.0,0.002,0.03,0.299
Arkansas,2013,2933369,2295446,454903,17945,0.01287802523310228,5697,58307,192264,0.783,0.155,0.006,0.0,0.002,0.02,0.066
California,2013,37659181,23467167,2255372,286397,0.13291938027011263,146290,1627359,14270345,0.623,0.06,0.008,0.0,0.004,0.043,0.379
Colorado,2013,5119329,4301096,203755,49177,0.02768312019016555,6549,175035,1064009,0.84,0.04,0.01,0.0,0.001,0.034,0.208
Connecticut,2013,3583561,2792554,361668,8770,0.039544185239207594,1304,94111,496939,0.779,0.101,0.002,0.0,0.0,0.026,0.139
Delaware,2013,908446,635474,194964,3010,0.033487956356239114,567,23066,76107,0.7,0.215,0.003,0.0,0.001,0.025,0.084
District of Columbia,2013,619371,248141,310530,1990,0.03526965259916916,233,14467,59479,0.401,0.501,0.003,0.0,0.0,0.023,0.096
Florida,2013,19091156,14568521,3056152,58390,0.024928034740274503,11258,430455,4369920,0.763,0.16,0.003,0.0,0.001,0.023,0.229
Georgia,2013,9810417,5948977,3010984,24496,0.033677671397658225,4554,193170,875849,0.606,0.307,0.002,0.0,0.0,0.02,0.089
Hawaii,2013,1376298,344488,24532,3050,0.38272452622905795,134733,327334,128171,0.25,0.018,0.002,0.0,0.098,0.238,0.093
Idaho,2013,1583364,1455692,8957,19984,0.012720385205170763,2216,39459,180901,0.919,0.006,0.013,0.0,0.001,0.025,0.114
Illinois,2013,12848554,9320910,1851524,27548,0.04747016668179158,2979,265702,2060706,0.725,0.144,0.002,0.0,0.0,0.021,0.16
Indiana,2013,6514861,5510618,592954,14975,0.016510405977963306,1852,136702,400788,0.846,0.091,0.002,0.0,0.0,0.021,0.062
Iowa,2013,3062553,2802839,91754,9440,0.018245561791093903,1389,58229,157711,0.915,0.03,0.003,0.0,0.0,0.019,0.051
Kansas,2013,2868107,2449273,164299,23958,0.02454859599031696,1887,92475,308122,0.854,0.057,0.008,0.0,0.001,0.032,0.107
Kentucky,2013,4361333,3835013,341576,8811,0.011787909797302798,2019,80523,136340,0.879,0.078,0.002,0.0,0.0,0.018,0.031
Louisiana,2013,4567968,2874235,1463345,28466,0.01608154873239042,2141,75179,202145,0.629,0.32,0.006,0.0,0.0,0.016,0.044
Maine,2013,1328320,1264047,14637,7364,0.010833985786557455,246,24073,17946,0.952,0.011,0.006,0.0,0.0,0.018,0.014
Maryland,2013,5834299,3406243,1717582,17535,0.057011133642619276,2570,162105,493310,0.584,0.294,0.003,0.0,0.0,0.028,0.085
Massachusetts,2013,6605058,5318548,454887,12956,0.05574182694535006,1876,180738,655863,0.805,0.069,0.002,0.0,0.0,0.027,0.099
Michigan,2013,9886095,7841011,1385154,54881,0.02540689726327736,2230,243968,447594,0.793,0.14,0.006,0.0,0.0,0.025,0.045
Minnesota,2013,5347740,4575991,279944,57479,0.04165516648154174,2259,132033,257144,0.856,0.052,0.011,0.0,0.0,0.025,0.048
Mississippi,2013,2976872,1769766,1106982,13030,0.009286929367470284,274,34508,81433,0.595,0.372,0.004,0.0,0.0,0.012,0.027
Missouri,2013,6007182,4984653,691128,22781,0.016473947351686696,6263,139240,219705,0.83,0.115,0.004,0.0,0.001,0.023,0.037
Montana,2013,998554,893032,4038,64426,0.006255044794773242,676,24295,30490,0.894,0.004,0.065,0.0,0.001,0.024,0.031
Nebraska,2013,1841625,1624312,84228,16408,0.018540147967148576,1254,39933,173903,0.882,0.046,0.009,0.0,0.001,0.022,0.094
Nevada,2013,2730066,1948808,224424,29446,0.07404839296925422,16841,108275,734097,0.714,0.082,0.011,0.0,0.006,0.04,0.269
New Hampshire,2013,1319171,1240404,16011,2588,0.022238966745023958,214,21829,38817,0.94,0.012,0.002,0.0,0.0,0.017,0.029
New Jersey,2013,8832406,6108784,1197753,20482,0.08566952198528917,2610,217263,1603510,0.692,0.136,0.002,0.0,0.0,0.025,0.182
New Mexico,2013,2069706,1511087,42196,189953,0.013544918940177977,1477,63618,966268,0.73,0.02,0.092,0.0,0.001,0.031,0.467
New York,2013,19487053,12779326,3042152,72740,0.0759132743160292,7365,510429,3488083,0.656,0.156,0.004,0.0,0.0,0.026,0.179
North Carolina,2013,9651380,6727690,2068726,111733,0.022938895784851494,5390,218935,824868,0.697,0.214,0.012,0.0,0.001,0.023,0.085
North Dakota,2013,689781,618098,9273,36659,0.010672952719776276,332,13526,16054,0.896,0.013,0.053,0.0,0.0,0.02,0.023
Ohio,2013,11549590,9569431,1402897,20709,0.017437328944144338,2402,259004,367394,0.829,0.121,0.002,0.0,0.0,0.022,0.032
Oklahoma,2013,3785742,2783609,273421,266509,0.018004660645125844,4283,293976,345139,0.735,0.072,0.07,0.0,0.001,0.078,0.091
Oregon,2013,3868721,3297149,70328,47411,0.038251918398871355,14993,145854,461901,0.852,0.018,0.012,0.0,0.004,0.038,0.119
Pennsylvania,2013,12731381,10467433,1385799,20258,0.028588179082850478,3510,243574,753701,0.822,0.109,0.002,0.0,0.0,0.019,0.059
Rhode Island,2013,1051695,855594,66569,4616,0.030792197357598923,383,27547,135317,0.814,0.063,0.004,0.0,0.0,0.026,0.129
South Carolina,2013,4679602,3144146,1298534,14732,0.013056024849976557,2128,84835,241448,0.672,0.277,0.003,0.0,0.0,0.018,0.052
South Dakota,2013,825198,706667,11531,71766,0.010418105715234405,226,19197,24598,0.856,0.014,0.087,0.0,0.0,0.023,0.03
Tennessee,2013,6402387,5007014,1073534,16604,0.014963325397230751,3110,113243,300159,0.782,0.168,0.003,0.0,0.0,0.018,0.047
Texas,2013,25639373,19075100,3030970,129219,0.03975370224537082,20974,590326,9717727,0.744,0.118,0.005,0.0,0.001,0.023,0.379
Utah,2013,2813673,2487467,31101,31696,0.020666936065420537,26145,66319,368552,0.884,0.011,0.011,0.0,0.009,0.024,0.131
Vermont,2013,625904,595862,6139,1841,0.012656893069863749,145,12251,9803,0.952,0.01,0.003,0.0,0.0,0.02,0.016
Virginia,2013,8100653,5627076,1568021,24816,0.056512974941649766,5633,237866,659599,0.695,0.194,0.003,0.0,0.001,0.029,0.081
Washington,2013,6819579,5350938,245041,94194,0.07316302076711774,40695,324471,783693,0.785,0.036,0.014,0.0,0.006,0.048,0.115
West Virginia,2013,1853619,1737996,58489,2955,0.0069086473541758045,666,35968,23285,0.938,0.032,0.002,0.0,0.0,0.019,0.013
Wisconsin,2013,5706871,4966900,355873,49343,0.02323672639525232,1305,115553,345866,0.87,0.062,0.009,0.0,0.0,0.02,0.061
Wyoming,2013,570134,518388,5167,13268,0.00838750188552165,197,15841,52454,0.909,0.009,0.023,0.0,0.0,0.028,0.092
Puerto Rico,2013,3682966,2575834,284860,10471,0.003290825926712329,61,434256,3643237,0.699,0.077,0.003,0.0,0.0,0.118,0.989
Alabama,2014,4817678,3327891,1269808,25181,0.012105831896610774,1430,76428,191838,0.691,0.264,0.005,0.0,0.0,0.016,0.04
Alaska,2014,728300,484195,25148,102743,0.05626252917753673,8335,58521,45247,0.665,0.035,0.141,0.0,0.011,0.08,0.062
Arizona,2014,6561516,5174082,274380,290780,0.029119947280476035,12638,200532,1977026,0.789,0.042,0.044,0.0,0.002,0.031,0.301
Arkansas,2014,2947036,2306073,458136,18337,0.013033094946922941,6278,59238,198109,0.783,0.155,0.006,0.0,0.002,0.02,0.067
California,2014,38066920,23650913,2262323,287360,0.13477675630179695,147286,1698173,14534449,0.621,0.059,0.008,0.0,0.004,0.045,0.382
Colorado,2014,5197580,4364911,209062,49917,0.02819793057538316,6641,180206,1088602,0.84,0.04,0.01,0.0,0.001,0.035,0.209
Connecticut,2014,3592053,2789105,365871,8036,0.040601294023222934,1105,98797,512795,0.776,0.102,0.002,0.0,0.0,0.028,0.143
Delaware,2014,917060,639354,198028,3134,0.034616055656118465,494,23936,78598,0.697,0.216,0.003,0.0,0.001,0.026,0.086
District of Columbia,2014,633736,254955,314138,2072,0.03595345695999596,195,15592,62637,0.402,0.496,0.003,0.0,0.0,0.025,0.099
Florida,2014,19361792,14747196,3114841,59121,0.025350597713269515,12128,453399,4517191,0.762,0.161,0.003,0.0,0.001,0.023,0.233
Georgia,2014,9907756,5989234,3056726,25137,0.03473995524314487,4317,200871,896717,0.604,0.309,0.003,0.0,0.0,0.02,0.091
Hawaii,2014,1392704,350634,26913,2725,0.38048788543725015,138735,328433,133485,0.252,0.019,0.002,0.0,0.1,0.236,0.096
Idaho,2014,1599464,1468732,9334,20363,0.013597680222874662,2177,39556,186374,0.918,0.006,0.013,0.0,0.001,0.025,0.117
Illinois,2014,12868747,9331376,1849054,28535,0.04875393074399551,3240,277892,2095495,0.725,0.144,0.002,0.0,0.0,0.022,0.163
Indiana,2014,6542411,5519313,598423,15286,0.0175277890673637,2076,141137,411536,0.844,0.091,0.002,0.0,0.0,0.022,0.063
Iowa,2014,3078116,2813097,95716,9688,0.019403427291239186,1715,58221,163110,0.914,0.031,0.003,0.0,0.001,0.019,0.053
Kansas,2014,2882946,2457815,167220,23727,0.025171473902043256,1655,95030,316141,0.853,0.058,0.008,0.0,0.001,0.033,0.11
Kentucky,2014,4383272,3845535,345035,9000,0.012193630694148116,2109,86627,139636,0.877,0.079,0.002,0.0,0.0,0.02,0.032
Louisiana,2014,4601049,2890570,1477781,28807,0.016389523345654435,1671,77809,210524,0.628,0.321,0.006,0.0,0.0,0.017,0.046
Maine,2014,1328535,1262817,14865,7552,0.010997075726269914,198,25242,18592,0.951,0.011,0.006,0.0,0.0,0.019,0.014
Maryland,2014,5887776,3418336,1737155,16429,0.0585885060844706,2425,169506,515724,0.581,0.295,0.003,0.0,0.0,0.029,0.088
Massachusetts,2014,6657291,5326774,465792,13642,0.05777755546512838,1645,190267,681824,0.8,0.07,0.002,0.0,0.0,0.029,0.102
Michigan,2014,9889024,7829621,1383205,54960,0.026146867476507286,1995,253535,457109,0.792,0.14,0.006,0.0,0.0,0.026,0.046
Minnesota,2014,5383661,4585781,290545,56490,0.042870084130482954,2166,139018,264265,0.852,0.054,0.01,0.0,0.0,0.026,0.049
Mississippi,2014,2984345,1769693,1113652,13056,0.009404743754492191,365,34426,84073,0.593,0.373,0.004,0.0,0.0,0.012,0.028
Missouri,2014,6028076,4991914,695813,24269,0.016882998820850963,5983,144268,226388,0.828,0.115,0.004,0.0,0.001,0.024,0.038
Montana,2014,1006370,899503,4563,65110,0.0066089012987271085,699,24899,31902,0.894,0.005,0.065,0.0,0.001,0.025,0.032
Nebraska,2014,1855617,1637794,86423,16163,0.019236728268818403,1150,41316,180448,0.883,0.047,0.009,0.0,0.001,0.022,0.097
Nevada,2014,2761584,1935379,229638,30155,0.07517786893319196,17207,116058,752049,0.701,0.083,0.011,0.0,0.006,0.042,0.272
New Hampshire,2014,1321069,1239543,16293,2510,0.023132781103787917,280,24078,40301,0.938,0.012,0.002,0.0,0.0,0.018,0.031
New Jersey,2014,8874374,6094052,1201339,18921,0.08787560677519338,2671,220443,1649784,0.687,0.135,0.002,0.0,0.0,0.025,0.186
New Mexico,2014,2080085,1521876,42515,190350,0.013738861633058265,1271,65097,978189,0.732,0.02,0.092,0.0,0.001,0.031,0.47
New York,2014,19594330,12733518,3060048,74572,0.07770354995552285,6258,548262,3559644,0.65,0.156,0.004,0.0,0.0,0.028,0.182
North Carolina,2014,9750405,6784901,2093389,113798,0.023776448260354313,6083,226539,848597,0.696,0.215,0.012,0.0,0.001,0.023,0.087
North Dakota,2014,704925,628770,10781,36989,0.011524630279817002,312,14836,18250,0.892,0.015,0.052,0.0,0.0,0.021,0.026
Ohio,2014,11560380,9549343,1407493,21077,0.01805520233763942,2893,274026,379542,0.826,0.122,0.002,0.0,0.0,0.024,0.033
Oklahoma,2014,3818851,2799122,277007,274099,0.018695675741211164,4390,296110,357916,0.733,0.073,0.072,0.0,0.001,0.078,0.094
Oregon,2014,3900343,3317668,70700,47155,0.03903733594712055,14513,153814,473729,0.851,0.018,0.012,0.0,0.004,0.039,0.121
Pennsylvania,2014,12758729,10449680,1395718,22951,0.029606005425775562,3740,259758,784562,0.819,0.109,0.002,0.0,0.0,0.02,0.061
Rhode Island,2014,1053252,856605,66827,4951,0.03132583655193629,536,29345,139832,0.813,0.063,0.005,0.0,0.001,0.028,0.133
South Carolina,2014,4727273,3176381,1305347,15137,0.013369018459479704,2326,90899,248459,0.672,0.276,0.003,0.0,0.0,0.019,0.053
South Dakota,2014,834708,712496,12642,72016,0.011300957939782535,229,20693,26459,0.854,0.015,0.086,0.0,0.0,0.025,0.032
Tennessee,2014,6451365,5029109,1082001,17656,0.015258941324820407,3256,122662,309828,0.78,0.168,0.003,0.0,0.001,0.019,0.048
Texas,2014,26092033,19499105,3094227,127236,0.04089401542608811,21867,620302,9962643,0.747,0.119,0.005,0.0,0.001,0.024,0.382
Utah,2014,2858111,2515352,31163,31999,0.02121366175071577,26491,70463,379454,0.88,0.011,0.011,0.0,0.009,0.025,0.133
Vermont,2014,626358,595385,6435,2008,0.013091554670012997,214,12192,10226,0.951,0.01,0.003,0.0,0.0,0.019,0.016
Virginia,2014,8185131,5668363,1577943,23421,0.058109271555946994,5485,255121,687265,0.693,0.193,0.003,0.0,0.001,0.031,0.084
Washington,2014,6899123,5392302,250484,95117,0.075092442909048,42608,338963,809998,0.782,0.036,0.014,0.0,0.006,0.049,0.117
West Virginia,2014,1853881,1735816,59129,3075,0.007089991213028236,645,36921,24061,0.936,0.032,0.002,0.0,0.0,0.02,0.013
Wisconsin,2014,5724692,4965198,357758,49563,0.024001989976054607,1303,120776,355292,0.867,0.062,0.009,0.0,0.0,0.021,0.062
Wyoming,2014,575251,522535,5958,13144,0.00934722408131407,332,15518,54181,0.908,0.01,0.023,0.0,0.001,0.027,0.094
Puerto Rico,2014,3638965,2533581,290999,11102,0.00315584238925079,129,396212,3601918,0.696,0.08,0.003,0.0,0.0,0.109,0.99
Alabama,2015,4830620,3325464,1276544,23850,0.012337753745895972,2439,81646,193492,0.688,0.264,0.005,0.0,0.001,0.017,0.04
Alaska,2015,733375,484250,25022,101313,0.058525311061871484,8841,61755,47808,0.66,0.034,0.138,0.0,0.012,0.084,0.065
Arizona,2015,6641928,5210335,281576,294721,0.03012528892213225,12471,211845,2014711,0.784,0.042,0.044,0.0,0.002,0.032,0.303
Arkansas,2015,2958208,2307849,459748,18409,0.013635281900393752,6845,62537,203226,0.78,0.155,0.006,0.0,0.002,0.021,0.069
California,2015,38421464,23747013,2265387,287028,0.13695412543363783,150370,1734897,14750686,0.618,0.059,0.007,0.0,0.004,0.045,0.384
Colorado,2015,5278906,4446095,213787,50008,0.029071743274079895,7695,183480,1112586,0.842,0.04,0.009,0.0,0.001,0.035,0.211
Connecticut,2015,3593222,2778362,370501,8908,0.0419317258994852,981,101919,526508,0.773,0.103,0.002,0.0,0.0,0.028,0.147
Delaware,2015,926454,642623,200481,3140,0.0363137295537609,306,25266,80706,0.694,0.216,0.003,0.0,0.0,0.027,0.087
District of Columbia,2015,647484,260325,316447,2154,0.03679164272785119,250,17327,65803,0.402,0.489,0.003,0.0,0.0,0.027,0.102
Florida,2015,19645772,14934702,3171108,54569,0.02591320921366694,11024,472082,4660733,0.76,0.161,0.003,0.0,0.001,0.024,0.237
Georgia,2015,10006693,6025691,3096757,25887,0.03602069135127859,4704,213803,915120,0.602,0.309,0.003,0.0,0.0,0.021,0.091
Hawaii,2015,1406299,357164,28688,3012,0.3772675654323867,138901,333119,139251,0.254,0.02,0.002,0.0,0.099,0.237,0.099
Idaho,2015,1616547,1482914,9900,20504,0.013430478668421023,1921,41226,191314,0.917,0.006,0.013,0.0,0.001,0.026,0.118
Illinois,2015,12873761,9312771,1846108,28363,0.050151777712822226,3407,289537,2122841,0.723,0.143,0.002,0.0,0.0,0.022,0.165
Indiana,2015,6568645,5529201,603014,14793,0.01853182810153388,2285,145601,421206,0.842,0.092,0.002,0.0,0.0,0.022,0.064
Iowa,2015,3093526,2820046,97788,9977,0.02036414111276259,1882,60964,168230,0.912,0.032,0.003,0.0,0.001,0.02,0.054
Kansas,2015,2892987,2464566,168402,24022,0.02615048045497612,1796,95365,323218,0.852,0.058,0.008,0.0,0.001,0.033,0.112
Kentucky,2015,4397353,3851591,347034,9063,0.012617363218281543,2197,90836,143481,0.876,0.079,0.002,0.0,0.0,0.021,0.033
Louisiana,2015,4625253,2902538,1484363,27238,0.016824593162795637,1824,83877,218263,0.628,0.321,0.006,0.0,0.0,0.018,0.047
Maine,2015,1329100,1262026,15037,7811,0.010977353096080054,187,26298,19447,0.95,0.011,0.006,0.0,0.0,0.02,0.015
Maryland,2015,5930538,3416107,1750916,15579,0.060300768665507244,2754,175652,533671,0.576,0.295,0.003,0.0,0.0,0.03,0.09
Massachusetts,2015,6705586,5334859,478947,13189,0.059752421339462354,1644,194677,707928,0.796,0.071,0.002,0.0,0.0,0.029,0.106
Michigan,2015,9900571,7823875,1381388,53951,0.027146515084837026,2083,261324,467021,0.79,0.14,0.005,0.0,0.0,0.026,0.047
Minnesota,2015,5419171,4594367,299176,56561,0.04443225725853641,1970,144226,270984,0.848,0.055,0.01,0.0,0.0,0.027,0.05
Mississippi,2015,2988081,1768174,1116457,12896,0.00967175923276511,409,35334,86507,0.592,0.374,0.004,0.0,0.0,0.012,0.029
Missouri,2015,6045448,4995527,697022,24951,0.01762268073433102,6161,147645,233046,0.826,0.115,0.004,0.0,0.001,0.024,0.039
Montana,2015,1014699,904977,4757,65693,0.007082888620172091,848,25777,33622,0.892,0.005,0.065,0.0,0.001,0.025,0.033
Nebraska,2015,1869365,1647551,88195,16319,0.020363064463066335,1280,41595,186268,0.881,0.047,0.009,0.0,0.001,0.022,0.1
Nevada,2015,2798636,1929661,235721,31393,0.07676811132280154,17942,122935,770553,0.69,0.084,0.011,0.0,0.006,0.044,0.275
New Hampshire,2015,1324201,1241313,17439,2238,0.023685226034416227,228,24346,42141,0.937,0.013,0.002,0.0,0.0,0.018,0.032
New Jersey,2015,8904413,6083940,1202300,18335,0.0904033763932558,2808,223826,1688008,0.683,0.135,0.002,0.0,0.0,0.025,0.19
New Mexico,2015,2084117,1524911,43738,190528,0.013800088958537357,1276,68053,986972,0.732,0.021,0.091,0.0,0.001,0.033,0.474
New York,2015,19673174,12704637,3070392,74793,0.07981543801727164,6485,560879,3619658,0.646,0.156,0.004,0.0,0.0,0.029,0.184
North Carolina,2015,9845333,6839831,2115338,116143,0.02479103550890559,6244,231391,869908,0.695,0.215,0.012,0.0,0.001,0.024,0.088
North Dakota,2015,721640,640208,11872,38286,0.01244249210132476,304,16132,20569,0.887,0.016,0.053,0.0,0.0,0.022,0.029
Ohio,2015,11575977,9538328,1412045,21646,0.01867401775245407,3060,287212,390970,0.824,0.122,0.002,0.0,0.0,0.025,0.034
Oklahoma,2015,3849733,2813794,278571,279276,0.019370174503010987,4701,299936,371459,0.731,0.072,0.073,0.0,0.001,0.078,0.096
Oregon,2015,3939233,3352941,72837,46258,0.03977804816318303,15042,162793,485646,0.851,0.018,0.012,0.0,0.004,0.041,0.123
Pennsylvania,2015,12779559,10430142,1403143,23641,0.030720543643172664,4279,272689,815538,0.816,0.11,0.002,0.0,0.0,0.021,0.064
Rhode Island,2015,1053661,854859,68243,5106,0.03247059538124691,373,29782,143788,0.811,0.065,0.005,0.0,0.0,0.028,0.136
South Carolina,2015,4777576,3210708,1315058,14966,0.014020080475956846,2588,93950,254092,0.672,0.275,0.003,0.0,0.001,0.02,0.053
South Dakota,2015,843190,716691,13133,72619,0.012039990986610372,332,22323,27914,0.85,0.016,0.086,0.0,0.0,0.026,0.033
Tennessee,2015,6499615,5059894,1091070,17802,0.01569739130702357,3323,128760,320090,0.778,0.168,0.003,0.0,0.001,0.02,0.049
Texas,2015,26538614,19874610,3152917,126493,0.04235379436167993,21655,653062,10196367,0.749,0.119,0.005,0.0,0.001,0.025,0.384
Utah,2015,2903379,2544735,31909,31824,0.02207841277353043,26147,74755,389856,0.876,0.011,0.011,0.0,0.009,0.026,0.134
Vermont,2015,626604,594443,6949,2018,0.014002464076194853,249,12169,10691,0.949,0.011,0.003,0.0,0.0,0.019,0.017
Virginia,2015,8256630,5695147,1589345,22570,0.05970632085972122,5304,268167,709156,0.69,0.192,0.003,0.0,0.001,0.032,0.086
Washington,2015,6985464,5434177,253224,93266,0.0766593314345332,44159,360705,835488,0.778,0.036,0.013,0.0,0.006,0.052,0.12
West Virginia,2015,1851420,1732235,61367,2953,0.007283598535178404,625,36189,25408,0.936,0.033,0.002,0.0,0.0,0.02,0.014
Wisconsin,2015,5742117,4967124,360792,50449,0.025031186233230706,1233,122730,364558,0.865,0.063,0.009,0.0,0.0,0.021,0.063
Wyoming,2015,579679,527763,6142,12658,0.009175767968134088,423,15489,55698,0.91,0.011,0.022,0.0,0.001,0.027,0.096
Puerto Rico,2015,3583073,2495997,301519,11775,0.002835275753522186,129,332051,3547288,0.697,0.084,0.003,0.0,0.0,0.093,0.99
Puerto Rico,2017,3468963,2389446,338939,10849,0.0022453396014889752,136,210019,3432611,0.689,0.098,0.003,0.0,0.0,0.061,0.99
Alabama,2017,4850771,3317702,1287167,25098,0.012949487823688235,2213,88834,198375,0.684,0.265,0.005,0.0,0.0,0.018,0.041
Alaska,2017,738565,481971,23702,104995,0.06174676568751566,9075,62713,50162,0.653,0.032,0.142,0.0,0.012,0.085,0.068
Arizona,2017,6809946,5277661,292831,300182,0.03133901502302661,13364,237908,2103523,0.775,0.043,0.044,0.0,0.002,0.035,0.309
Arkansas,2017,2977944,2302141,459969,19476,0.01422726552279022,7062,71822,213246,0.773,0.154,0.007,0.0,0.002,0.024,0.072
California,2017,38982847,23607242,2263222,292018,0.14118188956286337,152027,1834714,15105860,0.606,0.058,0.007,0.0,0.004,0.047,0.388
Colorado,2017,5436519,4576201,221155,51406,0.03030818065751265,8580,188909,1157200,0.842,0.041,0.009,0.0,0.002,0.035,0.213
Connecticut,2017,3594478,2757064,376240,9385,0.04352509599446707,931,110654,551916,0.767,0.105,0.003,0.0,0.0,0.031,0.154
District of Columbia,2017,672391,273471,321062,1757,0.038010621795949086,289,19293,71829,0.407,0.477,0.003,0.0,0.0,0.029,0.107
Delaware,2017,943732,652170,206290,3482,0.03873239436619718,465,26260,84793,0.691,0.219,0.004,0.0,0.0,0.028,0.09
Florida,2017,20278447,15343997,3270863,56730,0.026796627966628805,12342,514823,5015015,0.757,0.161,0.003,0.0,0.001,0.025,0.247
Georgia,2017,10201635,6061821,3195268,30552,0.038125849434919014,5237,237241,950380,0.594,0.313,0.003,0.0,0.001,0.023,0.093
Hawaii,2017,1421658,357308,25884,2756,0.38022928158530395,142600,338498,145381,0.251,0.018,0.002,0.0,0.1,0.238,0.102
Idaho,2017,1657375,1507880,11231,21323,0.013708424466400181,2343,43914,201978,0.91,0.007,0.013,0.0,0.001,0.026,0.122
Illinois,2017,12854526,9236701,1833501,29696,0.05226260384863666,4275,311397,2162070,0.719,0.143,0.002,0.0,0.0,0.024,0.168
Indiana,2017,6614418,5546787,613060,15027,0.02081513445325046,2635,153438,441968,0.839,0.093,0.002,0.0,0.0,0.023,0.067
Iowa,2017,3118102,2824197,106762,10791,0.02282734817526816,2913,62734,178294,0.906,0.034,0.003,0.0,0.001,0.02,0.057
Kansas,2017,2903820,2465518,168470,23503,0.027804064990254215,1923,98415,334860,0.849,0.058,0.008,0.0,0.001,0.034,0.115
Kentucky,2017,4424376,3862600,353088,9324,0.013469244024468084,2271,96303,152072,0.873,0.08,0.002,0.0,0.001,0.022,0.034
Maine,2017,1330158,1258918,16906,8212,0.011129504915957352,249,28102,20427,0.946,0.013,0.006,0.0,0.0,0.021,0.015
Louisiana,2017,4663461,2909599,1500648,27094,0.0173647855101608,1401,87523,231708,0.624,0.322,0.006,0.0,0.0,0.019,0.05
Massachusetts,2017,6789319,5358373,499774,14336,0.06277875586638365,2253,209523,760177,0.789,0.074,0.002,0.0,0.0,0.031,0.112
Maryland,2017,5996079,3395212,1782256,16281,0.06221815956727721,2830,189601,573303,0.566,0.297,0.003,0.0,0.0,0.032,0.096
Michigan,2017,9925568,7813199,1374515,51804,0.02912498307401652,2808,278902,484568,0.787,0.138,0.005,0.0,0.0,0.028,0.049
Minnesota,2017,5490726,4598252,326953,57566,0.046612233063532946,1976,154444,284649,0.837,0.06,0.01,0.0,0.0,0.028,0.052
Mississippi,2017,2986220,1755471,1122576,13258,0.009664056901366945,597,37929,88261,0.588,0.376,0.004,0.0,0.0,0.013,0.03
Missouri,2017,6075300,5004537,703061,25933,0.01859315589353612,6336,151390,244420,0.824,0.116,0.004,0.0,0.001,0.025,0.04
Montana,2017,1029862,916664,4438,66865,0.007232036913683581,571,28384,36626,0.89,0.004,0.065,0.0,0.001,0.028,0.036
Nebraska,2017,1893921,1663612,89718,16012,0.022286040442024774,1524,45571,198300,0.878,0.047,0.008,0.0,0.001,0.024,0.105
New Hampshire,2017,1331848,1244260,18632,2148,0.02501261405205399,289,26190,45266,0.934,0.014,0.002,0.0,0.0,0.02,0.034
Nevada,2017,2887725,1936453,253013,32426,0.08051389934983422,19019,134335,814305,0.671,0.088,0.011,0.0,0.007,0.047,0.282
New Jersey,2017,8960161,6085474,1207356,18006,0.09420645454919839,3013,229061,1764520,0.679,0.135,0.002,0.0,0.0,0.026,0.197
New Mexico,2017,2084828,1547843,42187,197191,0.014385359367775184,1390,68282,1004103,0.742,0.02,0.095,0.0,0.001,0.033,0.482
New York,2017,19798228,12638791,3100685,77130,0.08348454215195421,7937,590026,3726238,0.638,0.157,0.004,0.0,0.0,0.03,0.188
North Carolina,2017,10052564,6937466,2159427,117998,0.026775656439491455,6393,251196,914792,0.69,0.215,0.012,0.0,0.001,0.025,0.091
North Dakota,2017,745475,654024,17365,39507,0.013678527113585299,341,17441,24744,0.877,0.023,0.053,0.0,0.0,0.023,0.033
Ohio,2017,11609756,9503779,1428230,21872,0.020317222859808595,3499,312772,414490,0.819,0.123,0.002,0.0,0.0,0.027,0.036
Oklahoma,2017,3896251,2828569,283821,289871,0.020704518266405323,5543,302091,394879,0.726,0.073,0.074,0.0,0.001,0.078,0.101
Oregon,2017,4025127,3416776,76347,45332,0.04132813697555381,15157,184164,509507,0.849,0.019,0.011,0.0,0.004,0.046,0.127
Pennsylvania,2017,12790505,10378174,1417611,24995,0.03264335536399853,3665,297320,874833,0.811,0.111,0.002,0.0,0.0,0.023,0.068
Rhode Island,2017,1056138,854801,68346,5413,0.03366605500417559,759,31296,153910,0.809,0.065,0.005,0.0,0.001,0.03,0.146
South Carolina,2017,4893444,3292598,1332110,14992,0.014712337568387418,3015,104407,267398,0.673,0.272,0.003,0.0,0.001,0.021,0.055
South Dakota,2017,855444,724430,14698,74062,0.013668925142966692,381,23493,29901,0.847,0.017,0.087,0.0,0.0,0.027,0.035
Tennessee,2017,6597381,5131786,1107392,17568,0.016764985984589944,3784,137501,340063,0.778,0.168,0.003,0.0,0.001,0.021,0.052
Texas,2017,27419612,20459525,3286950,130360,0.04510829693724331,23531,702001,10673909,0.746,0.12,0.005,0.0,0.001,0.026,0.389
Utah,2017,2993941,2600077,33619,32079,0.02256056482074964,26742,83283,409311,0.868,0.011,0.011,0.0,0.009,0.028,0.137
Vermont,2017,624636,590499,7921,2072,0.015497025467632349,206,12061,11183,0.945,0.013,0.003,0.0,0.0,0.019,0.018
Virginia,2017,8365952,5720209,1605447,22499,0.06217092806652488,5469,291944,749458,0.684,0.192,0.003,0.0,0.001,0.035,0.09
West Virginia,2017,1836843,1714591,65300,3322,0.007674036376543885,541,31800,27021,0.933,0.036,0.002,0.0,0.0,0.017,0.015
Washington,2017,7169967,5500837,261743,94754,0.08072868396744365,46071,394733,882108,0.767,0.037,0.013,0.0,0.006,0.055,0.123
Wyoming,2017,583200,532394,6121,13549,0.008748285322359396,470,15317,56681,0.913,0.01,0.023,0.0,0.001,0.026,0.097
Wisconsin,2017,5763217,4950577,365884,50094,0.026430550853802658,1811,131091,380590,0.859,0.063,0.009,0.0,0.0,0.023,0.066
Alabama,2016,4841164,3325037,1282053,23919,0.012547395626341103,2008,85412,193503,0.687,0.265,0.005,0.0,0.0,0.018,0.04
Alaska,2016,736855,483518,24443,103574,0.06000909269802064,8862,62340,49031,0.656,0.033,0.141,0.0,0.012,0.085,0.067
Arizona,2016,6728577,5235158,287110,296732,0.030501100009704876,12863,222579,2054849,0.778,0.043,0.044,0.0,0.002,0.033,0.305
Arkansas,2016,2968472,2307136,460638,18697,0.013993394581454701,6738,66079,207049,0.777,0.155,0.006,0.0,0.002,0.022,0.07
California,2016,38654206,23680584,2261835,285512,0.13852588253914722,150908,1787159,14903982,0.613,0.059,0.007,0.0,0.004,0.046,0.386
Colorado,2016,5359295,4517058,219349,50160,0.029392485392201774,7441,183735,1132292,0.843,0.041,0.009,0.0,0.001,0.034,0.211
Connecticut,2016,3588570,2768080,372696,9399,0.042574618859322795,1031,106988,537728,0.771,0.104,0.003,0.0,0.0,0.03,0.15
Delaware,2016,934695,647002,203027,3494,0.036833405549403814,461,25831,82662,0.692,0.217,0.004,0.0,0.0,0.028,0.088
District of Columbia,2016,659009,266035,318598,2174,0.036472946499971924,271,18245,69106,0.404,0.483,0.003,0.0,0.0,0.028,0.105
Florida,2016,19934451,15130748,3216994,52904,0.026149303033226247,11288,495368,4806854,0.759,0.161,0.003,0.0,0.001,0.025,0.241
Georgia,2016,10099320,6039389,3148134,28950,0.03703051294542603,4916,222457,926990,0.598,0.312,0.003,0.0,0.0,0.022,0.092
Hawaii,2016,1413673,353643,25871,2715,0.38011831590473893,143973,336629,141827,0.25,0.018,0.002,0.0,0.102,0.238,0.1
Idaho,2016,1635483,1493155,10433,21454,0.013225450830121744,2003,42050,195589,0.913,0.006,0.013,0.0,0.001,0.026,0.12
Illinois,2016,12851684,9270907,1837612,29399,0.05102825435172542,4186,300222,2136474,0.721,0.143,0.002,0.0,0.0,0.023,0.166
Indiana,2016,6589578,5534759,608226,15799,0.019763329305761308,2746,146316,429522,0.84,0.092,0.002,0.0,0.0,0.022,0.065
Iowa,2016,3106589,2823890,103052,9951,0.021428647304165438,2422,61294,172707,0.909,0.033,0.003,0.0,0.001,0.02,0.056
Kansas,2016,2898292,2468923,167706,23871,0.026776115036028114,1874,96030,327739,0.852,0.058,0.008,0.0,0.001,0.033,0.113
Kentucky,2016,4411989,3859516,350242,9052,0.012938382212648309,2584,92837,146945,0.875,0.079,0.002,0.0,0.001,0.021,0.033
Louisiana,2016,4645670,2909290,1494201,26403,0.016944595720315907,1464,85159,223408,0.626,0.322,0.006,0.0,0.0,0.018,0.048
Maine,2016,1329923,1260476,16303,8013,0.0110104118809886,211,27126,19772,0.948,0.012,0.006,0.0,0.0,0.02,0.015
Maryland,2016,5959902,3408240,1765926,15946,0.06078271085665503,2792,186153,550146,0.572,0.296,0.003,0.0,0.0,0.031,0.092
Massachusetts,2016,6742143,5343665,489233,13931,0.06106901025386142,2002,203014,731739,0.793,0.073,0.002,0.0,0.0,0.03,0.109
Michigan,2016,9909600,7817827,1376446,52891,0.027929381609752158,2492,271798,474381,0.789,0.139,0.005,0.0,0.0,0.027,0.048
Minnesota,2016,5450868,4597525,310853,56904,0.04528067823326487,1969,148502,276026,0.843,0.057,0.01,0.0,0.0,0.027,0.051
Mississippi,2016,2989192,1764038,1121327,13072,0.00955509047260932,492,35367,86704,0.59,0.375,0.004,0.0,0.0,0.012,0.029
Missouri,2016,6059651,5000875,701896,25641,0.017815052385030096,6479,148041,237284,0.825,0.116,0.004,0.0,0.001,0.024,0.039
Montana,2016,1023391,911907,4260,67222,0.007310011520523436,841,26522,34841,0.891,0.004,0.066,0.0,0.001,0.026,0.034
Nebraska,2016,1881259,1655708,88388,15739,0.021152855614245566,1305,43653,191802,0.88,0.047,0.008,0.0,0.001,0.023,0.102
Nevada,2016,2839172,1933057,243552,31927,0.07840736665478527,18334,129036,790497,0.681,0.086,0.011,0.0,0.006,0.045,0.278
New Hampshire,2016,1327503,1243594,17483,2085,0.024176216550923047,229,24906,43500,0.937,0.013,0.002,0.0,0.0,0.019,0.033
New Jersey,2016,8915456,6075710,1207221,18470,0.09188627031528168,2811,225713,1719831,0.681,0.135,0.002,0.0,0.0,0.025,0.193
New Mexico,2016,2082669,1530636,41957,193295,0.014005105948184757,1340,67797,995831,0.735,0.02,0.093,0.0,0.001,0.033,0.478
New York,2016,19697457,12667413,3073278,75751,0.08118895753903664,7528,576440,3661929,0.643,0.156,0.004,0.0,0.0,0.029,0.186
North Carolina,2016,9940828,6882915,2137131,117479,0.025606518893597194,6588,243370,884763,0.692,0.215,0.012,0.0,0.001,0.024,0.089
North Dakota,2016,736162,649730,14761,38369,0.012627655325865773,336,17979,22997,0.883,0.02,0.052,0.0,0.0,0.024,0.031
Ohio,2016,11586941,9519506,1421943,21459,0.019376986557539215,3248,298177,400932,0.822,0.123,0.002,0.0,0.0,0.026,0.035
Oklahoma,2016,3875589,2823497,281295,286231,0.020007539499157418,4969,299764,381467,0.729,0.073,0.074,0.0,0.001,0.077,0.098
Oregon,2016,3982267,3387825,74012,45233,0.04021704220234354,14936,175541,494806,0.851,0.019,0.011,0.0,0.004,0.044,0.124
Pennsylvania,2016,12783977,10402743,1410563,24947,0.03144397083943439,4463,285768,843164,0.814,0.11,0.002,0.0,0.0,0.022,0.066
Rhode Island,2016,1054491,854026,68886,5130,0.03281014252373894,575,30058,148375,0.81,0.065,0.005,0.0,0.001,0.029,0.141
South Carolina,2016,4834605,3252252,1322368,15417,0.014179648595903906,2784,100082,258361,0.673,0.274,0.003,0.0,0.001,0.021,0.053
South Dakota,2016,851058,721410,14078,74187,0.01333751636198708,313,22239,29187,0.848,0.017,0.087,0.0,0.0,0.026,0.034
Tennessee,2016,6548009,5096733,1100577,18757,0.016091608915015237,3299,133210,327345,0.778,0.168,0.003,0.0,0.001,0.02,0.05
Texas,2016,26956435,20174403,3221133,128145,0.043604541921066345,22248,673400,10413150,0.748,0.119,0.005,0.0,0.001,0.025,0.386
Utah,2016,2948427,2572595,32512,31686,0.022398044787949642,26411,77810,397915,0.873,0.011,0.011,0.0,0.009,0.026,0.135
Vermont,2016,626249,592965,7404,1984,0.014709803927830624,206,12169,10900,0.947,0.012,0.003,0.0,0.0,0.019,0.017
Virginia,2016,8310301,5712958,1596352,21948,0.060512609591397475,5494,279699,725092,0.687,0.192,0.003,0.0,0.001,0.034,0.087
Washington,2016,7073146,5470566,256990,94026,0.07804617634076831,44870,377703,854275,0.773,0.036,0.013,0.0,0.006,0.053,0.121
West Virginia,2016,1846092,1725411,63305,3281,0.007578170535379602,648,33726,26247,0.935,0.034,0.002,0.0,0.0,0.018,0.014
Wisconsin,2016,5754798,4961193,361730,51459,0.025731050855303698,1378,125923,371205,0.862,0.063,0.009,0.0,0.0,0.022,0.065
Wyoming,2016,583029,531851,6435,13033,0.009236247253567146,391,15531,56386,0.912,0.011,0.022,0.0,0.001,0.027,0.097
Puerto Rico,2016,3529385,2448085,320087,11814,0.0027126539042921075,182,264764,3492166,0.694,0.091,0.003,0.0,0.0,0.075,0.989
Puerto Rico,2017,3468963,2389446,338939,10849,0.0022453396014889752,136,210019,3432611,0.689,0.098,0.003,0.0,0.0,0.061,0.99
Alabama,2017,4850771,3317702,1287167,25098,0.012949487823688235,2213,88834,198375,0.684,0.265,0.005,0.0,0.0,0.018,0.041
Alaska,2017,738565,481971,23702,104995,0.06174676568751566,9075,62713,50162,0.653,0.032,0.142,0.0,0.012,0.085,0.068
Arizona,2017,6809946,5277661,292831,300182,0.03133901502302661,13364,237908,2103523,0.775,0.043,0.044,0.0,0.002,0.035,0.309
Arkansas,2017,2977944,2302141,459969,19476,0.01422726552279022,7062,71822,213246,0.773,0.154,0.007,0.0,0.002,0.024,0.072
California,2017,38982847,23607242,2263222,292018,0.14118188956286337,152027,1834714,15105860,0.606,0.058,0.007,0.0,0.004,0.047,0.388
Colorado,2017,5436519,4576201,221155,51406,0.03030818065751265,8580,188909,1157200,0.842,0.041,0.009,0.0,0.002,0.035,0.213
Connecticut,2017,3594478,2757064,376240,9385,0.04352509599446707,931,110654,551916,0.767,0.105,0.003,0.0,0.0,0.031,0.154
District of Columbia,2017,672391,273471,321062,1757,0.038010621795949086,289,19293,71829,0.407,0.477,0.003,0.0,0.0,0.029,0.107
Delaware,2017,943732,652170,206290,3482,0.03873239436619718,465,26260,84793,0.691,0.219,0.004,0.0,0.0,0.028,0.09
Florida,2017,20278447,15343997,3270863,56730,0.026796627966628805,12342,514823,5015015,0.757,0.161,0.003,0.0,0.001,0.025,0.247
Georgia,2017,10201635,6061821,3195268,30552,0.038125849434919014,5237,237241,950380,0.594,0.313,0.003,0.0,0.001,0.023,0.093
Hawaii,2017,1421658,357308,25884,2756,0.38022928158530395,142600,338498,145381,0.251,0.018,0.002,0.0,0.1,0.238,0.102
Idaho,2017,1657375,1507880,11231,21323,0.013708424466400181,2343,43914,201978,0.91,0.007,0.013,0.0,0.001,0.026,0.122
Illinois,2017,12854526,9236701,1833501,29696,0.05226260384863666,4275,311397,2162070,0.719,0.143,0.002,0.0,0.0,0.024,0.168
Indiana,2017,6614418,5546787,613060,15027,0.02081513445325046,2635,153438,441968,0.839,0.093,0.002,0.0,0.0,0.023,0.067
Iowa,2017,3118102,2824197,106762,10791,0.02282734817526816,2913,62734,178294,0.906,0.034,0.003,0.0,0.001,0.02,0.057
Kansas,2017,2903820,2465518,168470,23503,0.027804064990254215,1923,98415,334860,0.849,0.058,0.008,0.0,0.001,0.034,0.115
Kentucky,2017,4424376,3862600,353088,9324,0.013469244024468084,2271,96303,152072,0.873,0.08,0.002,0.0,0.001,0.022,0.034
Maine,2017,1330158,1258918,16906,8212,0.011129504915957352,249,28102,20427,0.946,0.013,0.006,0.0,0.0,0.021,0.015
Louisiana,2017,4663461,2909599,1500648,27094,0.0173647855101608,1401,87523,231708,0.624,0.322,0.006,0.0,0.0,0.019,0.05
Massachusetts,2017,6789319,5358373,499774,14336,0.06277875586638365,2253,209523,760177,0.789,0.074,0.002,0.0,0.0,0.031,0.112
Maryland,2017,5996079,3395212,1782256,16281,0.06221815956727721,2830,189601,573303,0.566,0.297,0.003,0.0,0.0,0.032,0.096
Michigan,2017,9925568,7813199,1374515,51804,0.02912498307401652,2808,278902,484568,0.787,0.138,0.005,0.0,0.0,0.028,0.049
Minnesota,2017,5490726,4598252,326953,57566,0.046612233063532946,1976,154444,284649,0.837,0.06,0.01,0.0,0.0,0.028,0.052
Mississippi,2017,2986220,1755471,1122576,13258,0.009664056901366945,597,37929,88261,0.588,0.376,0.004,0.0,0.0,0.013,0.03
Missouri,2017,6075300,5004537,703061,25933,0.01859315589353612,6336,151390,244420,0.824,0.116,0.004,0.0,0.001,0.025,0.04
Montana,2017,1029862,916664,4438,66865,0.007232036913683581,571,28384,36626,0.89,0.004,0.065,0.0,0.001,0.028,0.036
Nebraska,2017,1893921,1663612,89718,16012,0.022286040442024774,1524,45571,198300,0.878,0.047,0.008,0.0,0.001,0.024,0.105
New Hampshire,2017,1331848,1244260,18632,2148,0.02501261405205399,289,26190,45266,0.934,0.014,0.002,0.0,0.0,0.02,0.034
Nevada,2017,2887725,1936453,253013,32426,0.08051389934983422,19019,134335,814305,0.671,0.088,0.011,0.0,0.007,0.047,0.282
New Jersey,2017,8960161,6085474,1207356,18006,0.09420645454919839,3013,229061,1764520,0.679,0.135,0.002,0.0,0.0,0.026,0.197
New Mexico,2017,2084828,1547843,42187,197191,0.014385359367775184,1390,68282,1004103,0.742,0.02,0.095,0.0,0.001,0.033,0.482
New York,2017,19798228,12638791,3100685,77130,0.08348454215195421,7937,590026,3726238,0.638,0.157,0.004,0.0,0.0,0.03,0.188
North Carolina,2017,10052564,6937466,2159427,117998,0.026775656439491455,6393,251196,914792,0.69,0.215,0.012,0.0,0.001,0.025,0.091
North Dakota,2017,745475,654024,17365,39507,0.013678527113585299,341,17441,24744,0.877,0.023,0.053,0.0,0.0,0.023,0.033
Ohio,2017,11609756,9503779,1428230,21872,0.020317222859808595,3499,312772,414490,0.819,0.123,0.002,0.0,0.0,0.027,0.036
Oklahoma,2017,3896251,2828569,283821,289871,0.020704518266405323,5543,302091,394879,0.726,0.073,0.074,0.0,0.001,0.078,0.101
Oregon,2017,4025127,3416776,76347,45332,0.04132813697555381,15157,184164,509507,0.849,0.019,0.011,0.0,0.004,0.046,0.127
Pennsylvania,2017,12790505,10378174,1417611,24995,0.03264335536399853,3665,297320,874833,0.811,0.111,0.002,0.0,0.0,0.023,0.068
Rhode Island,2017,1056138,854801,68346,5413,0.03366605500417559,759,31296,153910,0.809,0.065,0.005,0.0,0.001,0.03,0.146
South Carolina,2017,4893444,3292598,1332110,14992,0.014712337568387418,3015,104407,267398,0.673,0.272,0.003,0.0,0.001,0.021,0.055
South Dakota,2017,855444,724430,14698,74062,0.013668925142966692,381,23493,29901,0.847,0.017,0.087,0.0,0.0,0.027,0.035
Tennessee,2017,6597381,5131786,1107392,17568,0.016764985984589944,3784,137501,340063,0.778,0.168,0.003,0.0,0.001,0.021,0.052
Texas,2017,27419612,20459525,3286950,130360,0.04510829693724331,23531,702001,10673909,0.746,0.12,0.005,0.0,0.001,0.026,0.389
Utah,2017,2993941,2600077,33619,32079,0.02256056482074964,26742,83283,409311,0.868,0.011,0.011,0.0,0.009,0.028,0.137
Vermont,2017,624636,590499,7921,2072,0.015497025467632349,206,12061,11183,0.945,0.013,0.003,0.0,0.0,0.019,0.018
Virginia,2017,8365952,5720209,1605447,22499,0.06217092806652488,5469,291944,749458,0.684,0.192,0.003,0.0,0.001,0.035,0.09
West Virginia,2017,1836843,1714591,65300,3322,0.007674036376543885,541,31800,27021,0.933,0.036,0.002,0.0,0.0,0.017,0.015
Washington,2017,7169967,5500837,261743,94754,0.08072868396744365,46071,394733,882108,0.767,0.037,0.013,0.0,0.006,0.055,0.123
Wyoming,2017,583200,532394,6121,13549,0.008748285322359396,470,15317,56681,0.913,0.01,0.023,0.0,0.001,0.026,0.097
Wisconsin,2017,5763217,4950577,365884,50094,0.026430550853802658,1811,131091,380590,0.859,0.063,0.009,0.0,0.0,0.023,0.066
Minnesota,2018,5527358,4606044,342186,58982,0.0474655341665946,2187,157767,292764,0.833,0.062,0.011,0.0,0.0,0.029,0.053
Mississippi,2018,2988762,1751193,1125834,13689,0.009473153098172421,707,40193,90493,0.586,0.377,0.005,0.0,0.0,0.013,0.03
Missouri,2018,6090062,5008342,704896,26952,0.019165650530323007,6662,155328,249105,0.822,0.116,0.004,0.0,0.001,0.026,0.041
Montana,2018,1041732,925642,4630,67289,0.007628641531603138,757,29435,39019,0.889,0.004,0.065,0.0,0.001,0.028,0.037
Nebraska,2018,1904760,1666463,90860,17282,0.023155148155148155,1392,48600,203281,0.875,0.048,0.009,0.0,0.001,0.026,0.107
Nevada,2018,2922849,1935103,261123,35845,0.08029597149904083,19352,140499,831597,0.662,0.089,0.012,0.0,0.007,0.048,0.285
New Hampshire,2018,1343622,1250014,20516,2090,0.026885537747967807,359,27890,48356,0.93,0.015,0.002,0.0,0.0,0.021,0.036
New Jersey,2018,8881845,6031747,1196764,18649,0.09371960442903474,3357,230949,1768020,0.679,0.135,0.002,0.0,0.0,0.026,0.199
New Mexico,2018,2092434,1558886,43006,199896,0.015060451130119277,1514,67508,1015751,0.745,0.021,0.096,0.0,0.001,0.032,0.485
New York,2018,19618453,12514949,3068099,79644,0.0831024240290506,8017,599183,3705588,0.638,0.156,0.004,0.0,0.0,0.031,0.189
North Carolina,2018,10155624,6994240,2179622,121352,0.02779386082036909,6939,263301,935950,0.689,0.215,0.012,0.0,0.001,0.026,0.092
North Dakota,2018,752201,655268,20445,39462,0.014376476500297128,378,18306,26529,0.871,0.027,0.052,0.0,0.001,0.024,0.035
Ohio,2018,11641879,9489832,1438271,23563,0.02145194946623307,3591,327089,431327,0.815,0.124,0.002,0.0,0.0,0.028,0.037
Oklahoma,2018,3918137,2837772,287959,294676,0.021283584519887894,4471,303110,407521,0.724,0.073,0.075,0.0,0.001,0.077,0.104
Oregon,2018,4081943,3445933,77789,46961,0.04275169937453806,16006,193660,523956,0.844,0.019,0.012,0.0,0.004,0.047,0.128
Pennsylvania,2018,12791181,10341442,1423319,24847,0.03345211048143248,4107,310880,905156,0.808,0.111,0.002,0.0,0.0,0.024,0.071
Rhode Island,2018,1056611,854502,69254,5484,0.03375225130156699,863,32709,158858,0.809,0.066,0.005,0.0,0.001,0.031,0.15
South Carolina,2018,4955925,3332986,1339360,16686,0.01515035033823151,3004,110208,275685,0.673,0.27,0.003,0.0,0.001,0.022,0.056
South Dakota,2018,864289,730062,16241,75331,0.014647878198148999,293,23089,31995,0.845,0.019,0.087,0.0,0.0,0.027,0.037
Tennessee,2018,6651089,5166231,1117489,17848,0.01697691911805721,3806,142134,352402,0.777,0.168,0.003,0.0,0.001,0.021,0.053
Texas,2018,27885195,20720689,3365783,136061,0.04691582755652238,23672,730499,10921556,0.743,0.121,0.005,0.0,0.001,0.026,0.392
Utah,2018,3045350,2632056,35862,32657,0.022923473492373617,27096,89879,422123,0.864,0.012,0.011,0.0,0.009,0.03,0.139
Vermont,2018,624977,589546,8058,2106,0.01692702291444325,184,12078,11677,0.943,0.013,0.003,0.0,0.0,0.019,0.019
Virginia,2018,8413774,5722660,1613285,22972,0.0631705819528787,5677,309213,771177,0.68,0.192,0.003,0.0,0.001,0.037,0.092
West Virginia,2018,1829054,1704345,66728,3668,0.007946184202325355,350,32139,27522,0.932,0.036,0.002,0.0,0.0,0.018,0.015
Washington,2018,7294336,5545997,269854,95048,0.08327406360222507,48043,416795,911573,0.76,0.037,0.013,0.0,0.007,0.057,0.125
Wisconsin,2018,5778394,4945966,368744,50422,0.02757790486422352,1975,135990,385779,0.856,0.064,0.009,0.0,0.0,0.024,0.067
Wyoming,2018,581836,532008,5540,14053,0.00817412466743206,539,15579,56966,0.914,0.01,0.024,0.0,0.001,0.027,0.098
Puerto Rico,2018,3386941,2283720,365010,8504,0.0019734621890372464,303,175466,3349340,0.674,0.108,0.003,0.0,0.0,0.052,0.989
Alabama,2018,4864680,3317453,1293186,25576,0.013281243576144783,2182,91619,203146,0.682,0.266,0.005,0.0,0.0,0.019,0.042
Alaska,2018,738516,478834,24129,106660,0.06303993413819065,8849,62461,51186,0.648,0.033,0.144,0.0,0.012,0.085,0.069
Arizona,2018,6946685,5364141,305259,309580,0.03294909730324608,14112,252883,2163312,0.772,0.044,0.045,0.0,0.002,0.036,0.311
Arkansas,2018,2990671,2302874,460970,20037,0.014708404903113715,7969,75852,219052,0.77,0.154,0.007,0.0,0.003,0.025,0.073
California,2018,39148760,23529068,2267875,296475,0.14315495561034372,153366,1882227,15221577,0.601,0.058,0.008,0.0,0.004,0.048,0.389
Colorado,2018,5531141,4655584,227938,54483,0.03122231018880191,8296,197328,1184794,0.842,0.041,0.01,0.0,0.001,0.036,0.214
Connecticut,2018,3581504,2734880,378262,9698,0.04434366121048587,1173,113430,561791,0.764,0.106,0.003,0.0,0.0,0.032,0.157
Delaware,2018,949495,654905,209892,3455,0.03867634900657718,477,26009,86315,0.69,0.221,0.004,0.0,0.001,0.027,0.091
District of Columbia,2018,684498,280469,321317,1993,0.03903298475671222,340,20143,74776,0.41,0.469,0.003,0.0,0.0,0.029,0.109
Florida,2018,20598139,15529098,3316376,58118,0.027146530082159365,12887,542340,5184720,0.754,0.161,0.003,0.0,0.001,0.026,0.252
Georgia,2018,10297484,6079976,3239300,33484,0.03908731492080978,6095,252448,968463,0.59,0.315,0.003,0.0,0.001,0.025,0.094
Idaho,2018,1687809,1527262,11536,22790,0.014076237299362665,2761,46592,209073,0.905,0.007,0.014,0.0,0.002,0.028,0.124
Hawaii,2018,1422029,355612,26266,2987,0.377518320653095,143274,341756,147962,0.25,0.018,0.002,0.0,0.101,0.24,0.104
Illinois,2018,12821497,9189185,1824125,31864,0.05387997984946687,4582,318413,2174842,0.717,0.142,0.002,0.0,0.0,0.025,0.17
Indiana,2018,6637426,5548277,619472,14925,0.021844461994755197,2818,162295,450267,0.836,0.093,0.002,0.0,0.0,0.024,0.068
Iowa,2018,3132499,2827889,109911,11549,0.02396904196936695,3129,65770,183296,0.903,0.035,0.004,0.0,0.001,0.021,0.059
Kansas,2018,2908776,2460619,169801,24050,0.028716889853326624,2143,101044,340616,0.846,0.058,0.008,0.0,0.001,0.035,0.117
Kentucky,2018,4440204,3866676,354112,9888,0.014143944737674215,2814,99826,158744,0.871,0.08,0.002,0.0,0.001,0.022,0.036
Louisiana,2018,4663616,2901106,1502916,26272,0.01712662449052409,1468,91563,234920,0.622,0.322,0.006,0.0,0.0,0.02,0.05
Maine,2018,1332813,1259217,17881,8302,0.011192117723941769,318,29208,21421,0.945,0.013,0.006,0.0,0.0,0.022,0.016
Maryland,2018,6003435,3373181,1788090,15644,0.062343808169822774,3059,199369,588912,0.562,0.298,0.003,0.0,0.001,0.033,0.098
Massachusetts,2018,6830193,5360006,510558,14493,0.0647967048661729,2329,215493,789127,0.785,0.075,0.002,0.0,0.0,0.032,0.116
Michigan,2018,9957488,7818588,1375424,53235,0.030570260290547175,2979,283718,497897,0.785,0.138,0.005,0.0,0.0,0.028,0.05
